Workbook

Sheet README
A1: SOH（在庫管理）シート 使い方
A2: 【ジャンプ】クリックで各シートへ移動
A3: ▶ 操作パネル - 月次の運用手順順に並んだマクロボタンの設置場所
A4: ▶ Dashboard - 原材料×週の在庫（2年分・横軸で見渡せるメイン画面。まずここ）
A5: ▶ Material_Detail - 材料ごとの使用状況（どの材料が何に使われているか）
A6: ▶ PO_Draft_Chemical - 発注書ドラフト（Chemical）
A7: ▶ PO_Draft_Hazardous - 発注書ドラフト（Hazardous Chemical）
A8: ▶ PO_Draft_Substrate - 発注書ドラフト（Substrate）
A9: ▶ PO_Draft_Substrate_Poland - 発注書ドラフト（Substrate・Poland）
A10: ▶ T_Shipments - 発注・着荷の入力（TTAF供給材料はTTAF倉庫への到着実績を表す）
A11: ▶ T_OpeningStock - 期首在庫の入力
A12: ▶ T_StockCount - 棚卸実績の入力
... A78: - 週次バッチ数はPowder & Slurry & Pgm Planの実データ（約36材料シートから抽出）を使用しています。

Sheet 操作パネル
A1: 操作パネル（ボタンの設置場所）
A2: Alt+F8のマクロ一覧は常にアルファベット順になるため、このシートに月次の運用手順の順でボタンを配置します。ボタンの作成・マクロの割り当ては貴社のExcelで一度だけ手動で行ってください（下記の番号・マクロ名の行に重ねて図形を描き、「マクロの登録」で対応するマクロ名を選ぶだけです）。詳しい手順はdocs/SOH_System_Guide.mdを参照してください。
E3: Solution名リスト（RefreshWeeklyBatchesの行判定に使用）
A4: 【毎月・毎週の定型作業】上から順に実行 | E4: 略称（Pgm Plan表記） | F4: 正式名（システム内部名）
A5: 1 | B5: RefreshWeeklyBatches | C5: 「Powder & Slurry & Pgm Plan」の新しい月版が出たら実行 | E5: 20P | F5: SOL-20P
A6: 2 | B6: RefreshBOM | C6: 「Raw Material - Look Up」が更新されたら実行 | E6: 10H | F6: SOL-10H
A7: 3 | B7: RefreshSelfStock | C7: 自社倉庫の現物確認（daily check）を毎週月曜の朝に実施したら実行 | E7: 10H VW | F7: SOL-10H VW
A8: 4 | B8: RefreshTTAFStock | C8: CSA Reportが毎週月曜に届いたら実行（TTAF在庫） | E8: 250D | F8: SOL-250D
A9: 5 | B9: RefreshShipments | C9: CSA Reportが毎週月曜に届いたら実行（発注・着荷） | E9: 85D | F9: SOL-85D
E10: SCH | F10: SOL-SCH
A11: 【任意】Material_Detailの表示調整 | E11: SH | F11: SOL-SH
A12: 6 | B12: HideInactiveIntermediates | C12: しばらく生産予定の無い中間体の行を折りたたむ
A13: 7 | B13: ShowAllIntermediates | C13: 折りたたんだ行をすべて再表示する
A15: 【まれに使う】材料・中間体の追加/削除（取り消せません。事前にバックアップ推奨）
A16: 8 | B16: AddMaterial | C16: 新しい材料(TTAF供給品)をシステムに追加する
A17: 9 | B17: RemoveMaterial | C17: 使わなくなった材料をシステムから削除する
A18: 10 | B18: RemoveIntermediate | C18: 生産中止になった中間体をシステムから削除する

Sheet Dashboard
A1: 選択週を入力（例: W23。現在年の週Noで検索します） | D1: =IF($C$1="","週Noを入力してください（例: W23）",IF($F$1="","該当週が見つかりません（今年の週Noか確認してください）",INDEX(Cal_Weeks!$E$4:$E$107,$F$1)&" が該当週です（VBA導入時は自動でスクロールします）")) | E1: →WeekIndex | F1: =IFERROR(IF(SUMPRODUCT((Cal_Weeks!$C$4:$C$107=Cal_Weeks!$B$1)*(Cal_Weeks!$D$4:$D$107=VALUE(SUBSTITUTE(UPPER(TRIM($C$1)),"W",""))))=0,"",SUMPRODUCT((Cal_Weeks!$C$4:$C$107=Cal_Weeks!$B$1)*(Cal_Weeks!$D$4:$D$107=VALUE(SUBSTITUTE(UPPER(TRIM($C$1)),"W","")))*(Cal_Weeks!$A$4:$A$107))),"")
K3: ='Cal_Weeks'!G4 | L3: =IF(TEXT('Cal_Weeks'!B5,"mmm-yy")<>TEXT('Cal_Weeks'!B4,"mmm-yy"),'Cal_Weeks'!G5,"") | M3: =IF(TEXT('Cal_Weeks'!B6,"mmm-yy")<>TEXT('Cal_Weeks'!B5,"mmm-yy"),'Cal_Weeks'!G6,"") | N3: =IF(TEXT('Cal_Weeks'!B7,"mmm-yy")<>TEXT('Cal_Weeks'!B6,"mmm-yy"),'Cal_Weeks'!G7,"") | O3: =IF(TEXT('Cal_Weeks'!B8,"mmm-yy")<>TEXT('Cal_Weeks'!B7,"mmm-yy"),'Cal_Weeks'!G8,"") | P3: =IF(TEXT('Cal_Weeks'!B9,"mmm-yy")<>TEXT('Cal_Weeks'!B8,"mmm-yy"),'Cal_Weeks'!G9,"") | Q3: =IF(TEXT('Cal_Weeks'!B10,"mmm-yy")<>TEXT('Cal_Weeks'!B9,"mmm-yy"),'Cal_Weeks'!G10,"") | R3: =IF(TEXT('Cal_Weeks'!B11,"mmm-yy")<>TEXT('Cal_Weeks'!B10,"mmm-yy"),'Cal_Weeks'!G11,"") | S3: =IF(TEXT('Cal_Weeks'!B12,"mmm-yy")<>TEXT('Cal_Weeks'!B11,"mmm-yy"),'Cal_Weeks'!G12,"") | T3: =IF(TEXT('Cal_Weeks'!B13,"mmm-yy")<>TEXT('Cal_Weeks'!B12,"mmm-yy"),'Cal_Weeks'!G13,"") | U3: =IF(TEXT('Cal_Weeks'!B14,"mmm-yy")<>TEXT('Cal_Weeks'!B13,"mmm-yy"),'Cal_Weeks'!G14,"") | V3: =IF(TEXT('Cal_Weeks'!B15,"mmm-yy")<>TEXT('Cal_Weeks'!B14,"mmm-yy"),'Cal_Weeks'!G15,"") | W3: =IF(TEXT('Cal_Weeks'!B16,"mmm-yy")<>TEXT('Cal_Weeks'!B15,"mmm-yy"),'Cal_Weeks'!G16,"") | X3: =IF(TEXT('Cal_Weeks'!B17,"mmm-yy")<>TEXT('Cal_Weeks'!B16,"mmm-yy"),'Cal_Weeks'!G17,"") | Y3: =IF(TEXT('Cal_Weeks'!B18,"mmm-yy")<>TEXT('Cal_Weeks'!B17,"mmm-yy"),'Cal_Weeks'!G18,"") | Z3: =IF(TEXT('Cal_Weeks'!B19,"mmm-yy")<>TEXT('Cal_Weeks'!B18,"mmm-yy"),'Cal_Weeks'!G19,"") | AA3: =IF(TEXT('Cal_Weeks'!B20,"mmm-yy")<>TEXT('Cal_Weeks'!B19,"mmm-yy"),'Cal_Weeks'!G20,"") | AB3: =IF(TEXT('Cal_Weeks'!B21,"mmm-yy")<>TEXT('Cal_Weeks'!B20,"mmm-yy"),'Cal_Weeks'!G21,"") | AC3: =IF(TEXT('Cal_Weeks'!B22,"mmm-yy")<>TEXT('Cal_Weeks'!B21,"mmm-yy"),'Cal_Weeks'!G22,"") | AD3: =IF(TEXT('Cal_Weeks'!B23,"mmm-yy")<>TEXT('Cal_Weeks'!B22,"mmm-yy"),'Cal_Weeks'!G23,"") | AE3: =IF(TEXT('Cal_Weeks'!B24,"mmm-yy")<>TEXT('Cal_Weeks'!B23,"mmm-yy"),'Cal_Weeks'!G24,"") | AF3: =IF(TEXT('Cal_Weeks'!B25,"mmm-yy")<>TEXT('Cal_Weeks'!B24,"mmm-yy"),'Cal_Weeks'!G25,"") | AG3: =IF(TEXT('Cal_Weeks'!B26,"mmm-yy")<>TEXT('Cal_Weeks'!B25,"mmm-yy"),'Cal_Weeks'!G26,"") | AH3: =IF(TEXT('Cal_Weeks'!B27,"mmm-yy")<>TEXT('Cal_Weeks'!B26,"mmm-yy"),'Cal_Weeks'!G27,"") | AI3: =IF(TEXT('Cal_Weeks'!B28,"mmm-yy")<>TEXT('Cal_Weeks'!B27,"mmm-yy"),'Cal_Weeks'!G28,"") | AJ3: =IF(TEXT('Cal_Weeks'!B29,"mmm-yy")<>TEXT('Cal_Weeks'!B28,"mmm-yy"),'Cal_Weeks'!G29,"") | AK3: =IF(TEXT('Cal_Weeks'!B30,"mmm-yy")<>TEXT('Cal_Weeks'!B29,"mmm-yy"),'Cal_Weeks'!G30,"") | AL3: =IF(TEXT('Cal_Weeks'!B31,"mmm-yy")<>TEXT('Cal_Weeks'!B30,"mmm-yy"),'Cal_Weeks'!G31,"") | AM3: =IF(TEXT('Cal_Weeks'!B32,"mmm-yy")<>TEXT('Cal_Weeks'!B31,"mmm-yy"),'Cal_Weeks'!G32,"") | AN3: =IF(TEXT('Cal_Weeks'!B33,"mmm-yy")<>TEXT('Cal_Weeks'!B32,"mmm-yy"),'Cal_Weeks'!G33,"") | AO3: =IF(TEXT('Cal_Weeks'!B34,"mmm-yy")<>TEXT('Cal_Weeks'!B33,"mmm-yy"),'Cal_Weeks'!G34,"") | AP3: =IF(TEXT('Cal_Weeks'!B35,"mmm-yy")<>TEXT('Cal_Weeks'!B34,"mmm-yy"),'Cal_Weeks'!G35,"") | AQ3: =IF(TEXT('Cal_Weeks'!B36,"mmm-yy")<>TEXT('Cal_Weeks'!B35,"mmm-yy"),'Cal_Weeks'!G36,"") | AR3: =IF(TEXT('Cal_Weeks'!B37,"mmm-yy")<>TEXT('Cal_Weeks'!B36,"mmm-yy"),'Cal_Weeks'!G37,"") | AS3: =IF(TEXT('Cal_Weeks'!B38,"mmm-yy")<>TEXT('Cal_Weeks'!B37,"mmm-yy"),'Cal_Weeks'!G38,"") | AT3: =IF(TEXT('Cal_Weeks'!B39,"mmm-yy")<>TEXT('Cal_Weeks'!B38,"mmm-yy"),'Cal_Weeks'!G39,"") | AU3: =IF(TEXT('Cal_Weeks'!B40,"mmm-yy")<>TEXT('Cal_Weeks'!B39,"mmm-yy"),'Cal_Weeks'!G40,"") | AV3: =IF(TEXT('Cal_Weeks'!B41,"mmm-yy")<>TEXT('Cal_Weeks'!B40,"mmm-yy"),'Cal_Weeks'!G41,"") | AW3: =IF(TEXT('Cal_Weeks'!B42,"mmm-yy")<>TEXT('Cal_Weeks'!B41,"mmm-yy"),'Cal_Weeks'!G42,"") | AX3: =IF(TEXT('Cal_Weeks'!B43,"mmm-yy")<>TEXT('Cal_Weeks'!B42,"mmm-yy"),'Cal_Weeks'!G43,"") | AY3: =IF(TEXT('Cal_Weeks'!B44,"mmm-yy")<>TEXT('Cal_Weeks'!B43,"mmm-yy"),'Cal_Weeks'!G44,"") | AZ3: =IF(TEXT('Cal_Weeks'!B45,"mmm-yy")<>TEXT('Cal_Weeks'!B44,"mmm-yy"),'Cal_Weeks'!G45,"") | BA3: =IF(TEXT('Cal_Weeks'!B46,"mmm-yy")<>TEXT('Cal_Weeks'!B45,"mmm-yy"),'Cal_Weeks'!G46,"") | BB3: =IF(TEXT('Cal_Weeks'!B47,"mmm-yy")<>TEXT('Cal_Weeks'!B46,"mmm-yy"),'Cal_Weeks'!G47,"") | BC3: =IF(TEXT('Cal_Weeks'!B48,"mmm-yy")<>TEXT('Cal_Weeks'!B47,"mmm-yy"),'Cal_Weeks'!G48,"") | BD3: =IF(TEXT('Cal_Weeks'!B49,"mmm-yy")<>TEXT('Cal_Weeks'!B48,"mmm-yy"),'Cal_Weeks'!G49,"") | BE3: =IF(TEXT('Cal_Weeks'!B50,"mmm-yy")<>TEXT('Cal_Weeks'!B49,"mmm-yy"),'Cal_Weeks'!G50,"") | BF3: =IF(TEXT('Cal_Weeks'!B51,"mmm-yy")<>TEXT('Cal_Weeks'!B50,"mmm-yy"),'Cal_Weeks'!G51,"") | BG3: =IF(TEXT('Cal_Weeks'!B52,"mmm-yy")<>TEXT('Cal_Weeks'!B51,"mmm-yy"),'Cal_Weeks'!G52,"") | BH3: =IF(TEXT('Cal_Weeks'!B53,"mmm-yy")<>TEXT('Cal_Weeks'!B52,"mmm-yy"),'Cal_Weeks'!G53,"") | BI3: =IF(TEXT('Cal_Weeks'!B54,"mmm-yy")<>TEXT('Cal_Weeks'!B53,"mmm-yy"),'Cal_Weeks'!G54,"") | BJ3: =IF(TEXT('Cal_Weeks'!B55,"mmm-yy")<>TEXT('Cal_Weeks'!B54,"mmm-yy"),'Cal_Weeks'!G55,"") | BK3: =IF(TEXT('Cal_Weeks'!B56,"mmm-yy")<>TEXT('Cal_Weeks'!B55,"mmm-yy"),'Cal_Weeks'!G56,"") | BL3: =IF(TEXT('Cal_Weeks'!B57,"mmm-yy")<>TEXT('Cal_Weeks'!B56,"mmm-yy"),'Cal_Weeks'!G57,"") | BM3: =IF(TEXT('Cal_Weeks'!B58,"mmm-yy")<>TEXT('Cal_Weeks'!B57,"mmm-yy"),'Cal_Weeks'!G58,"") | BN3: =IF(TEXT('Cal_Weeks'!B59,"mmm-yy")<>TEXT('Cal_Weeks'!B58,"mmm-yy"),'Cal_Weeks'!G59,"") | BO3: =IF(TEXT('Cal_Weeks'!B60,"mmm-yy")<>TEXT('Cal_Weeks'!B59,"mmm-yy"),'Cal_Weeks'!G60,"") | BP3: =IF(TEXT('Cal_Weeks'!B61,"mmm-yy")<>TEXT('Cal_Weeks'!B60,"mmm-yy"),'Cal_Weeks'!G61,"") | BQ3: =IF(TEXT('Cal_Weeks'!B62,"mmm-yy")<>TEXT('Cal_Weeks'!B61,"mmm-yy"),'Cal_Weeks'!G62,"") | BR3: =IF(TEXT('Cal_Weeks'!B63,"mmm-yy")<>TEXT('Cal_Weeks'!B62,"mmm-yy"),'Cal_Weeks'!G63,"") | BS3: =IF(TEXT('Cal_Weeks'!B64,"mmm-yy")<>TEXT('Cal_Weeks'!B63,"mmm-yy"),'Cal_Weeks'!G64,"") | BT3: =IF(TEXT('Cal_Weeks'!B65,"mmm-yy")<>TEXT('Cal_Weeks'!B64,"mmm-yy"),'Cal_Weeks'!G65,"") | BU3: =IF(TEXT('Cal_Weeks'!B66,"mmm-yy")<>TEXT('Cal_Weeks'!B65,"mmm-yy"),'Cal_Weeks'!G66,"") | BV3: =IF(TEXT('Cal_Weeks'!B67,"mmm-yy")<>TEXT('Cal_Weeks'!B66,"mmm-yy"),'Cal_Weeks'!G67,"") | BW3: =IF(TEXT('Cal_Weeks'!B68,"mmm-yy")<>TEXT('Cal_Weeks'!B67,"mmm-yy"),'Cal_Weeks'!G68,"") | BX3: =IF(TEXT('Cal_Weeks'!B69,"mmm-yy")<>TEXT('Cal_Weeks'!B68,"mmm-yy"),'Cal_Weeks'!G69,"") | BY3: =IF(TEXT('Cal_Weeks'!B70,"mmm-yy")<>TEXT('Cal_Weeks'!B69,"mmm-yy"),'Cal_Weeks'!G70,"") | BZ3: =IF(TEXT('Cal_Weeks'!B71,"mmm-yy")<>TEXT('Cal_Weeks'!B70,"mmm-yy"),'Cal_Weeks'!G71,"") | CA3: =IF(TEXT('Cal_Weeks'!B72,"mmm-yy")<>TEXT('Cal_Weeks'!B71,"mmm-yy"),'Cal_Weeks'!G72,"") | CB3: =IF(TEXT('Cal_Weeks'!B73,"mmm-yy")<>TEXT('Cal_Weeks'!B72,"mmm-yy"),'Cal_Weeks'!G73,"") | CC3: =IF(TEXT('Cal_Weeks'!B74,"mmm-yy")<>TEXT('Cal_Weeks'!B73,"mmm-yy"),'Cal_Weeks'!G74,"") | CD3: =IF(TEXT('Cal_Weeks'!B75,"mmm-yy")<>TEXT('Cal_Weeks'!B74,"mmm-yy"),'Cal_Weeks'!G75,"") | CE3: =IF(TEXT('Cal_Weeks'!B76,"mmm-yy")<>TEXT('Cal_Weeks'!B75,"mmm-yy"),'Cal_Weeks'!G76,"") | CF3: =IF(TEXT('Cal_Weeks'!B77,"mmm-yy")<>TEXT('Cal_Weeks'!B76,"mmm-yy"),'Cal_Weeks'!G77,"") | CG3: =IF(TEXT('Cal_Weeks'!B78,"mmm-yy")<>TEXT('Cal_Weeks'!B77,"mmm-yy"),'Cal_Weeks'!G78,"") | CH3: =IF(TEXT('Cal_Weeks'!B79,"mmm-yy")<>TEXT('Cal_Weeks'!B78,"mmm-yy"),'Cal_Weeks'!G79,"") | CI3: =IF(TEXT('Cal_Weeks'!B80,"mmm-yy")<>TEXT('Cal_Weeks'!B79,"mmm-yy"),'Cal_Weeks'!G80,"") | CJ3: =IF(TEXT('Cal_Weeks'!B81,"mmm-yy")<>TEXT('Cal_Weeks'!B80,"mmm-yy"),'Cal_Weeks'!G81,"") | CK3: =IF(TEXT('Cal_Weeks'!B82,"mmm-yy")<>TEXT('Cal_Weeks'!B81,"mmm-yy"),'Cal_Weeks'!G82,"") | CL3: =IF(TEXT('Cal_Weeks'!B83,"mmm-yy")<>TEXT('Cal_Weeks'!B82,"mmm-yy"),'Cal_Weeks'!G83,"") | CM3: =IF(TEXT('Cal_Weeks'!B84,"mmm-yy")<>TEXT('Cal_Weeks'!B83,"mmm-yy"),'Cal_Weeks'!G84,"") | CN3: =IF(TEXT('Cal_Weeks'!B85,"mmm-yy")<>TEXT('Cal_Weeks'!B84,"mmm-yy"),'Cal_Weeks'!G85,"") | CO3: =IF(TEXT('Cal_Weeks'!B86,"mmm-yy")<>TEXT('Cal_Weeks'!B85,"mmm-yy"),'Cal_Weeks'!G86,"") | CP3: =IF(TEXT('Cal_Weeks'!B87,"mmm-yy")<>TEXT('Cal_Weeks'!B86,"mmm-yy"),'Cal_Weeks'!G87,"") | CQ3: =IF(TEXT('Cal_Weeks'!B88,"mmm-yy")<>TEXT('Cal_Weeks'!B87,"mmm-yy"),'Cal_Weeks'!G88,"") | CR3: =IF(TEXT('Cal_Weeks'!B89,"mmm-yy")<>TEXT('Cal_Weeks'!B88,"mmm-yy"),'Cal_Weeks'!G89,"") | CS3: =IF(TEXT('Cal_Weeks'!B90,"mmm-yy")<>TEXT('Cal_Weeks'!B89,"mmm-yy"),'Cal_Weeks'!G90,"") | CT3: =IF(TEXT('Cal_Weeks'!B91,"mmm-yy")<>TEXT('Cal_Weeks'!B90,"mmm-yy"),'Cal_Weeks'!G91,"") | CU3: =IF(TEXT('Cal_Weeks'!B92,"mmm-yy")<>TEXT('Cal_Weeks'!B91,"mmm-yy"),'Cal_Weeks'!G92,"") | CV3: =IF(TEXT('Cal_Weeks'!B93,"mmm-yy")<>TEXT('Cal_Weeks'!B92,"mmm-yy"),'Cal_Weeks'!G93,"") | CW3: =IF(TEXT('Cal_Weeks'!B94,"mmm-yy")<>TEXT('Cal_Weeks'!B93,"mmm-yy"),'Cal_Weeks'!G94,"") | CX3: =IF(TEXT('Cal_Weeks'!B95,"mmm-yy")<>TEXT('Cal_Weeks'!B94,"mmm-yy"),'Cal_Weeks'!G95,"") | CY3: =IF(TEXT('Cal_Weeks'!B96,"mmm-yy")<>TEXT('Cal_Weeks'!B95,"mmm-yy"),'Cal_Weeks'!G96,"") | CZ3: =IF(TEXT('Cal_Weeks'!B97,"mmm-yy")<>TEXT('Cal_Weeks'!B96,"mmm-yy"),'Cal_Weeks'!G97,"") | DA3: =IF(TEXT('Cal_Weeks'!B98,"mmm-yy")<>TEXT('Cal_Weeks'!B97,"mmm-yy"),'Cal_Weeks'!G98,"") | DB3: =IF(TEXT('Cal_Weeks'!B99,"mmm-yy")<>TEXT('Cal_Weeks'!B98,"mmm-yy"),'Cal_Weeks'!G99,"") | DC3: =IF(TEXT('Cal_Weeks'!B100,"mmm-yy")<>TEXT('Cal_Weeks'!B99,"mmm-yy"),'Cal_Weeks'!G100,"") | DD3: =IF(TEXT('Cal_Weeks'!B101,"mmm-yy")<>TEXT('Cal_Weeks'!B100,"mmm-yy"),'Cal_Weeks'!G101,"") | DE3: =IF(TEXT('Cal_Weeks'!B102,"mmm-yy")<>TEXT('Cal_Weeks'!B101,"mmm-yy"),'Cal_Weeks'!G102,"") | DF3: =IF(TEXT('Cal_Weeks'!B103,"mmm-yy")<>TEXT('Cal_Weeks'!B102,"mmm-yy"),'Cal_Weeks'!G103,"") | DG3: =IF(TEXT('Cal_Weeks'!B104,"mmm-yy")<>TEXT('Cal_Weeks'!B103,"mmm-yy"),'Cal_Weeks'!G104,"") | DH3: =IF(TEXT('Cal_Weeks'!B105,"mmm-yy")<>TEXT('Cal_Weeks'!B104,"mmm-yy"),'Cal_Weeks'!G105,"") | DI3: =IF(TEXT('Cal_Weeks'!B106,"mmm-yy")<>TEXT('Cal_Weeks'!B105,"mmm-yy"),'Cal_Weeks'!G106,"") | DJ3: =IF(TEXT('Cal_Weeks'!B107,"mmm-yy")<>TEXT('Cal_Weeks'!B106,"mmm-yy"),'Cal_Weeks'!G107,"")
K4: ='Cal_Weeks'!B4 | L4: ='Cal_Weeks'!B5 | M4: ='Cal_Weeks'!B6 | N4: ='Cal_Weeks'!B7 | O4: ='Cal_Weeks'!B8 | P4: ='Cal_Weeks'!B9 | Q4: ='Cal_Weeks'!B10 | R4: ='Cal_Weeks'!B11 | S4: ='Cal_Weeks'!B12 | T4: ='Cal_Weeks'!B13 | U4: ='Cal_Weeks'!B14 | V4: ='Cal_Weeks'!B15 | W4: ='Cal_Weeks'!B16 | X4: ='Cal_Weeks'!B17 | Y4: ='Cal_Weeks'!B18 | Z4: ='Cal_Weeks'!B19 | AA4: ='Cal_Weeks'!B20 | AB4: ='Cal_Weeks'!B21 | AC4: ='Cal_Weeks'!B22 | AD4: ='Cal_Weeks'!B23 | AE4: ='Cal_Weeks'!B24 | AF4: ='Cal_Weeks'!B25 | AG4: ='Cal_Weeks'!B26 | AH4: ='Cal_Weeks'!B27 | AI4: ='Cal_Weeks'!B28 | AJ4: ='Cal_Weeks'!B29 | AK4: ='Cal_Weeks'!B30 | AL4: ='Cal_Weeks'!B31 | AM4: ='Cal_Weeks'!B32 | AN4: ='Cal_Weeks'!B33 | AO4: ='Cal_Weeks'!B34 | AP4: ='Cal_Weeks'!B35 | AQ4: ='Cal_Weeks'!B36 | AR4: ='Cal_Weeks'!B37 | AS4: ='Cal_Weeks'!B38 | AT4: ='Cal_Weeks'!B39 | AU4: ='Cal_Weeks'!B40 | AV4: ='Cal_Weeks'!B41 | AW4: ='Cal_Weeks'!B42 | AX4: ='Cal_Weeks'!B43 | AY4: ='Cal_Weeks'!B44 | AZ4: ='Cal_Weeks'!B45 | BA4: ='Cal_Weeks'!B46 | BB4: ='Cal_Weeks'!B47 | BC4: ='Cal_Weeks'!B48 | BD4: ='Cal_Weeks'!B49 | BE4: ='Cal_Weeks'!B50 | BF4: ='Cal_Weeks'!B51 | BG4: ='Cal_Weeks'!B52 | BH4: ='Cal_Weeks'!B53 | BI4: ='Cal_Weeks'!B54 | BJ4: ='Cal_Weeks'!B55 | BK4: ='Cal_Weeks'!B56 | BL4: ='Cal_Weeks'!B57 | BM4: ='Cal_Weeks'!B58 | BN4: ='Cal_Weeks'!B59 | BO4: ='Cal_Weeks'!B60 | BP4: ='Cal_Weeks'!B61 | BQ4: ='Cal_Weeks'!B62 | BR4: ='Cal_Weeks'!B63 | BS4: ='Cal_Weeks'!B64 | BT4: ='Cal_Weeks'!B65 | BU4: ='Cal_Weeks'!B66 | BV4: ='Cal_Weeks'!B67 | BW4: ='Cal_Weeks'!B68 | BX4: ='Cal_Weeks'!B69 | BY4: ='Cal_Weeks'!B70 | BZ4: ='Cal_Weeks'!B71 | CA4: ='Cal_Weeks'!B72 | CB4: ='Cal_Weeks'!B73 | CC4: ='Cal_Weeks'!B74 | CD4: ='Cal_Weeks'!B75 | CE4: ='Cal_Weeks'!B76 | CF4: ='Cal_Weeks'!B77 | CG4: ='Cal_Weeks'!B78 | CH4: ='Cal_Weeks'!B79 | CI4: ='Cal_Weeks'!B80 | CJ4: ='Cal_Weeks'!B81 | CK4: ='Cal_Weeks'!B82 | CL4: ='Cal_Weeks'!B83 | CM4: ='Cal_Weeks'!B84 | CN4: ='Cal_Weeks'!B85 | CO4: ='Cal_Weeks'!B86 | CP4: ='Cal_Weeks'!B87 | CQ4: ='Cal_Weeks'!B88 | CR4: ='Cal_Weeks'!B89 | CS4: ='Cal_Weeks'!B90 | CT4: ='Cal_Weeks'!B91 | CU4: ='Cal_Weeks'!B92 | CV4: ='Cal_Weeks'!B93 | CW4: ='Cal_Weeks'!B94 | CX4: ='Cal_Weeks'!B95 | CY4: ='Cal_Weeks'!B96 | CZ4: ='Cal_Weeks'!B97 | DA4: ='Cal_Weeks'!B98 | DB4: ='Cal_Weeks'!B99 | DC4: ='Cal_Weeks'!B100 | DD4: ='Cal_Weeks'!B101 | DE4: ='Cal_Weeks'!B102 | DF4: ='Cal_Weeks'!B103 | DG4: ='Cal_Weeks'!B104 | DH4: ='Cal_Weeks'!B105 | DI4: ='Cal_Weeks'!B106 | DJ4: ='Cal_Weeks'!B107
K5: ='Cal_Weeks'!D4 | L5: ='Cal_Weeks'!D5 | M5: ='Cal_Weeks'!D6 | N5: ='Cal_Weeks'!D7 | O5: ='Cal_Weeks'!D8 | P5: ='Cal_Weeks'!D9 | Q5: ='Cal_Weeks'!D10 | R5: ='Cal_Weeks'!D11 | S5: ='Cal_Weeks'!D12 | T5: ='Cal_Weeks'!D13 | U5: ='Cal_Weeks'!D14 | V5: ='Cal_Weeks'!D15 | W5: ='Cal_Weeks'!D16 | X5: ='Cal_Weeks'!D17 | Y5: ='Cal_Weeks'!D18 | Z5: ='Cal_Weeks'!D19 | AA5: ='Cal_Weeks'!D20 | AB5: ='Cal_Weeks'!D21 | AC5: ='Cal_Weeks'!D22 | AD5: ='Cal_Weeks'!D23 | AE5: ='Cal_Weeks'!D24 | AF5: ='Cal_Weeks'!D25 | AG5: ='Cal_Weeks'!D26 | AH5: ='Cal_Weeks'!D27 | AI5: ='Cal_Weeks'!D28 | AJ5: ='Cal_Weeks'!D29 | AK5: ='Cal_Weeks'!D30 | AL5: ='Cal_Weeks'!D31 | AM5: ='Cal_Weeks'!D32 | AN5: ='Cal_Weeks'!D33 | AO5: ='Cal_Weeks'!D34 | AP5: ='Cal_Weeks'!D35 | AQ5: ='Cal_Weeks'!D36 | AR5: ='Cal_Weeks'!D37 | AS5: ='Cal_Weeks'!D38 | AT5: ='Cal_Weeks'!D39 | AU5: ='Cal_Weeks'!D40 | AV5: ='Cal_Weeks'!D41 | AW5: ='Cal_Weeks'!D42 | AX5: ='Cal_Weeks'!D43 | AY5: ='Cal_Weeks'!D44 | AZ5: ='Cal_Weeks'!D45 | BA5: ='Cal_Weeks'!D46 | BB5: ='Cal_Weeks'!D47 | BC5: ='Cal_Weeks'!D48 | BD5: ='Cal_Weeks'!D49 | BE5: ='Cal_Weeks'!D50 | BF5: ='Cal_Weeks'!D51 | BG5: ='Cal_Weeks'!D52 | BH5: ='Cal_Weeks'!D53 | BI5: ='Cal_Weeks'!D54 | BJ5: ='Cal_Weeks'!D55 | BK5: ='Cal_Weeks'!D56 | BL5: ='Cal_Weeks'!D57 | BM5: ='Cal_Weeks'!D58 | BN5: ='Cal_Weeks'!D59 | BO5: ='Cal_Weeks'!D60 | BP5: ='Cal_Weeks'!D61 | BQ5: ='Cal_Weeks'!D62 | BR5: ='Cal_Weeks'!D63 | BS5: ='Cal_Weeks'!D64 | BT5: ='Cal_Weeks'!D65 | BU5: ='Cal_Weeks'!D66 | BV5: ='Cal_Weeks'!D67 | BW5: ='Cal_Weeks'!D68 | BX5: ='Cal_Weeks'!D69 | BY5: ='Cal_Weeks'!D70 | BZ5: ='Cal_Weeks'!D71 | CA5: ='Cal_Weeks'!D72 | CB5: ='Cal_Weeks'!D73 | CC5: ='Cal_Weeks'!D74 | CD5: ='Cal_Weeks'!D75 | CE5: ='Cal_Weeks'!D76 | CF5: ='Cal_Weeks'!D77 | CG5: ='Cal_Weeks'!D78 | CH5: ='Cal_Weeks'!D79 | CI5: ='Cal_Weeks'!D80 | CJ5: ='Cal_Weeks'!D81 | CK5: ='Cal_Weeks'!D82 | CL5: ='Cal_Weeks'!D83 | CM5: ='Cal_Weeks'!D84 | CN5: ='Cal_Weeks'!D85 | CO5: ='Cal_Weeks'!D86 | CP5: ='Cal_Weeks'!D87 | CQ5: ='Cal_Weeks'!D88 | CR5: ='Cal_Weeks'!D89 | CS5: ='Cal_Weeks'!D90 | CT5: ='Cal_Weeks'!D91 | CU5: ='Cal_Weeks'!D92 | CV5: ='Cal_Weeks'!D93 | CW5: ='Cal_Weeks'!D94 | CX5: ='Cal_Weeks'!D95 | CY5: ='Cal_Weeks'!D96 | CZ5: ='Cal_Weeks'!D97 | DA5: ='Cal_Weeks'!D98 | DB5: ='Cal_Weeks'!D99 | DC5: ='Cal_Weeks'!D100 | DD5: ='Cal_Weeks'!D101 | DE5: ='Cal_Weeks'!D102 | DF5: ='Cal_Weeks'!D103 | DG5: ='Cal_Weeks'!D104 | DH5: ='Cal_Weeks'!D105 | DI5: ='Cal_Weeks'!D106 | DJ5: ='Cal_Weeks'!D107
A6: Part Name | B6: Description | C6: Category | D6: 基準在庫_下限 | E6: 基準在庫_上限 | F6: 自社在庫(実績) | G6: TTAF在庫(実績) | H6: 実績週 | I6: 行種別 | J6: 乖離(kg) | K6: ='Cal_Weeks'!E4 | L6: ='Cal_Weeks'!E5 | M6: ='Cal_Weeks'!E6 | N6: ='Cal_Weeks'!E7 | O6: ='Cal_Weeks'!E8 | P6: ='Cal_Weeks'!E9 | Q6: ='Cal_Weeks'!E10 | R6: ='Cal_Weeks'!E11 | S6: ='Cal_Weeks'!E12 | T6: ='Cal_Weeks'!E13 | U6: ='Cal_Weeks'!E14 | V6: ='Cal_Weeks'!E15 | W6: ='Cal_Weeks'!E16 | X6: ='Cal_Weeks'!E17 | Y6: ='Cal_Weeks'!E18 | Z6: ='Cal_Weeks'!E19 | AA6: ='Cal_Weeks'!E20 | AB6: ='Cal_Weeks'!E21 | AC6: ='Cal_Weeks'!E22 | AD6: ='Cal_Weeks'!E23 | AE6: ='Cal_Weeks'!E24 | AF6: ='Cal_Weeks'!E25 | AG6: ='Cal_Weeks'!E26 | AH6: ='Cal_Weeks'!E27 | AI6: ='Cal_Weeks'!E28 | AJ6: ='Cal_Weeks'!E29 | AK6: ='Cal_Weeks'!E30 | AL6: ='Cal_Weeks'!E31 | AM6: ='Cal_Weeks'!E32 | AN6: ='Cal_Weeks'!E33 | AO6: ='Cal_Weeks'!E34 | AP6: ='Cal_Weeks'!E35 | AQ6: ='Cal_Weeks'!E36 | AR6: ='Cal_Weeks'!E37 | AS6: ='Cal_Weeks'!E38 | AT6: ='Cal_Weeks'!E39 | AU6: ='Cal_Weeks'!E40 | AV6: ='Cal_Weeks'!E41 | AW6: ='Cal_Weeks'!E42 | AX6: ='Cal_Weeks'!E43 | AY6: ='Cal_Weeks'!E44 | AZ6: ='Cal_Weeks'!E45 | BA6: ='Cal_Weeks'!E46 | BB6: ='Cal_Weeks'!E47 | BC6: ='Cal_Weeks'!E48 | BD6: ='Cal_Weeks'!E49 | BE6: ='Cal_Weeks'!E50 | BF6: ='Cal_Weeks'!E51 | BG6: ='Cal_Weeks'!E52 | BH6: ='Cal_Weeks'!E53 | BI6: ='Cal_Weeks'!E54 | BJ6: ='Cal_Weeks'!E55 | BK6: ='Cal_Weeks'!E56 | BL6: ='Cal_Weeks'!E57 | BM6: ='Cal_Weeks'!E58 | BN6: ='Cal_Weeks'!E59 | BO6: ='Cal_Weeks'!E60 | BP6: ='Cal_Weeks'!E61 | BQ6: ='Cal_Weeks'!E62 | BR6: ='Cal_Weeks'!E63 | BS6: ='Cal_Weeks'!E64 | BT6: ='Cal_Weeks'!E65 | BU6: ='Cal_Weeks'!E66 | BV6: ='Cal_Weeks'!E67 | BW6: ='Cal_Weeks'!E68 | BX6: ='Cal_Weeks'!E69 | BY6: ='Cal_Weeks'!E70 | BZ6: ='Cal_Weeks'!E71 | CA6: ='Cal_Weeks'!E72 | CB6: ='Cal_Weeks'!E73 | CC6: ='Cal_Weeks'!E74 | CD6: ='Cal_Weeks'!E75 | CE6: ='Cal_Weeks'!E76 | CF6: ='Cal_Weeks'!E77 | CG6: ='Cal_Weeks'!E78 | CH6: ='Cal_Weeks'!E79 | CI6: ='Cal_Weeks'!E80 | CJ6: ='Cal_Weeks'!E81 | CK6: ='Cal_Weeks'!E82 | CL6: ='Cal_Weeks'!E83 | CM6: ='Cal_Weeks'!E84 | CN6: ='Cal_Weeks'!E85 | CO6: ='Cal_Weeks'!E86 | CP6: ='Cal_Weeks'!E87 | CQ6: ='Cal_Weeks'!E88 | CR6: ='Cal_Weeks'!E89 | CS6: ='Cal_Weeks'!E90 | CT6: ='Cal_Weeks'!E91 | CU6: ='Cal_Weeks'!E92 | CV6: ='Cal_Weeks'!E93 | CW6: ='Cal_Weeks'!E94 | CX6: ='Cal_Weeks'!E95 | CY6: ='Cal_Weeks'!E96 | CZ6: ='Cal_Weeks'!E97 | DA6: ='Cal_Weeks'!E98 | DB6: ='Cal_Weeks'!E99 | DC6: ='Cal_Weeks'!E100 | DD6: ='Cal_Weeks'!E101 | DE6: ='Cal_Weeks'!E102 | DF6: ='Cal_Weeks'!E103 | DG6: ='Cal_Weeks'!E104 | DH6: ='Cal_Weeks'!E105 | DI6: ='Cal_Weeks'!E106 | DJ6: ='Cal_Weeks'!E107
A7: 7EP | B7: =IFERROR(INDEX(M_RawMaterials[Description],MATCH($A7,M_RawMaterials[Part Name],0)),"") | C7: =IFERROR(INDEX(M_RawMaterials[Category],MATCH($A7,M_RawMaterials[Part Name],0)),"") | D7: =IFERROR(INDEX(M_RawMaterials[基準在庫下限_要入力],MATCH($A7,M_RawMaterials[Part Name],0)),0) | E7: =IFERROR(INDEX(M_RawMaterials[基準在庫上限_要入力],MATCH($A7,M_RawMaterials[Part Name],0)),0) | F7: =IFERROR(LOOKUP(2,1/('T_SelfStock'!$B$6:$DA$6<>""),'T_SelfStock'!$B$6:$DA$6),"") | G7: =IFERROR(LOOKUP(2,1/('T_TTAFStock'!$B$6:$DA$6<>""),'T_TTAFStock'!$B$6:$DA$6),"") | H7: =IFERROR(LOOKUP(2,1/('T_SelfStock'!$B$6:$DA$6<>""),'T_SelfStock'!$B$5:$DA$5),"") | I7: 理論在庫 | J7: =IFERROR(INDEX('Grid_Stock'!$A2:$DA2,1,LOOKUP(2,1/('T_SelfStock'!$B$6:$DA$6<>""),COLUMN('T_SelfStock'!$B$6:$DA$6)))-INDEX('Grid_TheoreticalStock'!$A2:$DA2,1,LOOKUP(2,1/('T_SelfStock'!$B$6:$DA$6<>""),COLUMN('T_SelfStock'!$B$6:$DA$6))),0) | K7: ='Grid_TheoreticalStock'!B2 | L7: ='Grid_TheoreticalStock'!C2 | M7: ='Grid_TheoreticalStock'!D2 | N7: ='Grid_TheoreticalStock'!E2 | O7: ='Grid_TheoreticalStock'!F2 | P7: ='Grid_TheoreticalStock'!G2 | Q7: ='Grid_TheoreticalStock'!H2 | R7: ='Grid_TheoreticalStock'!I2 | ... DJ7: ='Grid_TheoreticalStock'!DA2
A8: 7EP | B8: =IFERROR(INDEX(M_RawMaterials[Description],MATCH($A8,M_RawMaterials[Part Name],0)),"") | C8: =IFERROR(INDEX(M_RawMaterials[Category],MATCH($A8,M_RawMaterials[Part Name],0)),"") | D8: =IFERROR(INDEX(M_RawMaterials[基準在庫下限_要入力],MATCH($A8,M_RawMaterials[Part Name],0)),0) | E8: =IFERROR(INDEX(M_RawMaterials[基準在庫上限_要入力],MATCH($A8,M_RawMaterials[Part Name],0)),0) | F8: =IFERROR(LOOKUP(2,1/('T_SelfStock'!$B$6:$DA$6<>""),'T_SelfStock'!$B$6:$DA$6),"") | G8: =IFERROR(LOOKUP(2,1/('T_TTAFStock'!$B$6:$DA$6<>""),'T_TTAFStock'!$B$6:$DA$6),"") | H8: =IFERROR(LOOKUP(2,1/('T_SelfStock'!$B$6:$DA$6<>""),'T_SelfStock'!$B$5:$DA$5),"") | I8: 実在庫 | J8: =IFERROR(INDEX('Grid_Stock'!$A2:$DA2,1,LOOKUP(2,1/('T_SelfStock'!$B$6:$DA$6<>""),COLUMN('T_SelfStock'!$B$6:$DA$6)))-INDEX('Grid_TheoreticalStock'!$A2:$DA2,1,LOOKUP(2,1/('T_SelfStock'!$B$6:$DA$6<>""),COLUMN('T_SelfStock'!$B$6:$DA$6))),0) | K8: ='Grid_Stock'!B2 | L8: ='Grid_Stock'!C2 | M8: ='Grid_Stock'!D2 | N8: ='Grid_Stock'!E2 | O8: ='Grid_Stock'!F2 | P8: ='Grid_Stock'!G2 | Q8: ='Grid_Stock'!H2 | R8: ='Grid_Stock'!I2 | ... DJ8: ='Grid_Stock'!DA2
A9: 1EK | B9: =IFERROR(INDEX(M_RawMaterials[Description],MATCH($A9,M_RawMaterials[Part Name],0)),"") | C9: =IFERROR(INDEX(M_RawMaterials[Category],MATCH($A9,M_RawMaterials[Part Name],0)),"") | D9: =IFERROR(INDEX(M_RawMaterials[基準在庫下限_要入力],MATCH($A9,M_RawMaterials[Part Name],0)),0) | E9: =IFERROR(INDEX(M_RawMaterials[基準在庫上限_要入力],MATCH($A9,M_RawMaterials[Part Name],0)),0) | F9: =IFERROR(LOOKUP(2,1/('T_SelfStock'!$B$7:$DA$7<>""),'T_SelfStock'!$B$7:$DA$7),"") | G9: =IFERROR(LOOKUP(2,1/('T_TTAFStock'!$B$7:$DA$7<>""),'T_TTAFStock'!$B$7:$DA$7),"") | H9: =IFERROR(LOOKUP(2,1/('T_SelfStock'!$B$7:$DA$7<>""),'T_SelfStock'!$B$5:$DA$5),"") | I9: 理論在庫 | J9: =IFERROR(INDEX('Grid_Stock'!$A3:$DA3,1,LOOKUP(2,1/('T_SelfStock'!$B$7:$DA$7<>""),COLUMN('T_SelfStock'!$B$7:$DA$7)))-INDEX('Grid_TheoreticalStock'!$A3:$DA3,1,LOOKUP(2,1/('T_SelfStock'!$B$7:$DA$7<>""),COLUMN('T_SelfStock'!$B$7:$DA$7))),0) | K9: ='Grid_TheoreticalStock'!B3 | L9: ='Grid_TheoreticalStock'!C3 | M9: ='Grid_TheoreticalStock'!D3 | N9: ='Grid_TheoreticalStock'!E3 | O9: ='Grid_TheoreticalStock'!F3 | P9: ='Grid_TheoreticalStock'!G3 | Q9: ='Grid_TheoreticalStock'!H3 | R9: ='Grid_TheoreticalStock'!I3 | ... DJ9: ='Grid_TheoreticalStock'!DA3
A10: 1EK | B10: =IFERROR(INDEX(M_RawMaterials[Description],MATCH($A10,M_RawMaterials[Part Name],0)),"") | C10: =IFERROR(INDEX(M_RawMaterials[Category],MATCH($A10,M_RawMaterials[Part Name],0)),"") | D10: =IFERROR(INDEX(M_RawMaterials[基準在庫下限_要入力],MATCH($A10,M_RawMaterials[Part Name],0)),0) | E10: =IFERROR(INDEX(M_RawMaterials[基準在庫上限_要入力],MATCH($A10,M_RawMaterials[Part Name],0)),0) | F10: =IFERROR(LOOKUP(2,1/('T_SelfStock'!$B$7:$DA$7<>""),'T_SelfStock'!$B$7:$DA$7),"") | G10: =IFERROR(LOOKUP(2,1/('T_TTAFStock'!$B$7:$DA$7<>""),'T_TTAFStock'!$B$7:$DA$7),"") | H10: =IFERROR(LOOKUP(2,1/('T_SelfStock'!$B$7:$DA$7<>""),'T_SelfStock'!$B$5:$DA$5),"") | I10: 実在庫 | J10: =IFERROR(INDEX('Grid_Stock'!$A3:$DA3,1,LOOKUP(2,1/('T_SelfStock'!$B$7:$DA$7<>""),COLUMN('T_SelfStock'!$B$7:$DA$7)))-INDEX('Grid_TheoreticalStock'!$A3:$DA3,1,LOOKUP(2,1/('T_SelfStock'!$B$7:$DA$7<>""),COLUMN('T_SelfStock'!$B$7:$DA$7))),0) | K10: ='Grid_Stock'!B3 | L10: ='Grid_Stock'!C3 | M10: ='Grid_Stock'!D3 | N10: ='Grid_Stock'!E3 | O10: ='Grid_Stock'!F3 | P10: ='Grid_Stock'!G3 | Q10: ='Grid_Stock'!H3 | R10: ='Grid_Stock'!I3 | ... DJ10: ='Grid_Stock'!DA3
A11: 4HL | B11: =IFERROR(INDEX(M_RawMaterials[Description],MATCH($A11,M_RawMaterials[Part Name],0)),"") | C11: =IFERROR(INDEX(M_RawMaterials[Category],MATCH($A11,M_RawMaterials[Part Name],0)),"") | D11: =IFERROR(INDEX(M_RawMaterials[基準在庫下限_要入力],MATCH($A11,M_RawMaterials[Part Name],0)),0) | E11: =IFERROR(INDEX(M_RawMaterials[基準在庫上限_要入力],MATCH($A11,M_RawMaterials[Part Name],0)),0) | F11: =IFERROR(LOOKUP(2,1/('T_SelfStock'!$B$8:$DA$8<>""),'T_SelfStock'!$B$8:$DA$8),"") | G11: =IFERROR(LOOKUP(2,1/('T_TTAFStock'!$B$8:$DA$8<>""),'T_TTAFStock'!$B$8:$DA$8),"") | H11: =IFERROR(LOOKUP(2,1/('T_SelfStock'!$B$8:$DA$8<>""),'T_SelfStock'!$B$5:$DA$5),"") | I11: 理論在庫 | J11: =IFERROR(INDEX('Grid_Stock'!$A4:$DA4,1,LOOKUP(2,1/('T_SelfStock'!$B$8:$DA$8<>""),COLUMN('T_SelfStock'!$B$8:$DA$8)))-INDEX('Grid_TheoreticalStock'!$A4:$DA4,1,LOOKUP(2,1/('T_SelfStock'!$B$8:$DA$8<>""),COLUMN('T_SelfStock'!$B$8:$DA$8))),0) | K11: ='Grid_TheoreticalStock'!B4 | L11: ='Grid_TheoreticalStock'!C4 | M11: ='Grid_TheoreticalStock'!D4 | N11: ='Grid_TheoreticalStock'!E4 | O11: ='Grid_TheoreticalStock'!F4 | P11: ='Grid_TheoreticalStock'!G4 | Q11: ='Grid_TheoreticalStock'!H4 | R11: ='Grid_TheoreticalStock'!I4 | ... DJ11: ='Grid_TheoreticalStock'!DA4
A12: 4HL | B12: =IFERROR(INDEX(M_RawMaterials[Description],MATCH($A12,M_RawMaterials[Part Name],0)),"") | C12: =IFERROR(INDEX(M_RawMaterials[Category],MATCH($A12,M_RawMaterials[Part Name],0)),"") | D12: =IFERROR(INDEX(M_RawMaterials[基準在庫下限_要入力],MATCH($A12,M_RawMaterials[Part Name],0)),0) | E12: =IFERROR(INDEX(M_RawMaterials[基準在庫上限_要入力],MATCH($A12,M_RawMaterials[Part Name],0)),0) | F12: =IFERROR(LOOKUP(2,1/('T_SelfStock'!$B$8:$DA$8<>""),'T_SelfStock'!$B$8:$DA$8),"") | G12: =IFERROR(LOOKUP(2,1/('T_TTAFStock'!$B$8:$DA$8<>""),'T_TTAFStock'!$B$8:$DA$8),"") | H12: =IFERROR(LOOKUP(2,1/('T_SelfStock'!$B$8:$DA$8<>""),'T_SelfStock'!$B$5:$DA$5),"") | I12: 実在庫 | J12: =IFERROR(INDEX('Grid_Stock'!$A4:$DA4,1,LOOKUP(2,1/('T_SelfStock'!$B$8:$DA$8<>""),COLUMN('T_SelfStock'!$B$8:$DA$8)))-INDEX('Grid_TheoreticalStock'!$A4:$DA4,1,LOOKUP(2,1/('T_SelfStock'!$B$8:$DA$8<>""),COLUMN('T_SelfStock'!$B$8:$DA$8))),0) | K12: ='Grid_Stock'!B4 | L12: ='Grid_Stock'!C4 | M12: ='Grid_Stock'!D4 | N12: ='Grid_Stock'!E4 | O12: ='Grid_Stock'!F4 | P12: ='Grid_Stock'!G4 | Q12: ='Grid_Stock'!H4 | R12: ='Grid_Stock'!I4 | ... DJ12: ='Grid_Stock'!DA4
A13: 9RN | B13: =IFERROR(INDEX(M_RawMaterials[Description],MATCH($A13,M_RawMaterials[Part Name],0)),"") | C13: =IFERROR(INDEX(M_RawMaterials[Category],MATCH($A13,M_RawMaterials[Part Name],0)),"") | D13: =IFERROR(INDEX(M_RawMaterials[基準在庫下限_要入力],MATCH($A13,M_RawMaterials[Part Name],0)),0) | E13: =IFERROR(INDEX(M_RawMaterials[基準在庫上限_要入力],MATCH($A13,M_RawMaterials[Part Name],0)),0) | F13: =IFERROR(LOOKUP(2,1/('T_SelfStock'!$B$9:$DA$9<>""),'T_SelfStock'!$B$9:$DA$9),"") | G13: =IFERROR(LOOKUP(2,1/('T_TTAFStock'!$B$9:$DA$9<>""),'T_TTAFStock'!$B$9:$DA$9),"") | H13: =IFERROR(LOOKUP(2,1/('T_SelfStock'!$B$9:$DA$9<>""),'T_SelfStock'!$B$5:$DA$5),"") | I13: 理論在庫 | J13: =IFERROR(INDEX('Grid_Stock'!$A5:$DA5,1,LOOKUP(2,1/('T_SelfStock'!$B$9:$DA$9<>""),COLUMN('T_SelfStock'!$B$9:$DA$9)))-INDEX('Grid_TheoreticalStock'!$A5:$DA5,1,LOOKUP(2,1/('T_SelfStock'!$B$9:$DA$9<>""),COLUMN('T_SelfStock'!$B$9:$DA$9))),0) | K13: ='Grid_TheoreticalStock'!B5 | L13: ='Grid_TheoreticalStock'!C5 | M13: ='Grid_TheoreticalStock'!D5 | N13: ='Grid_TheoreticalStock'!E5 | O13: ='Grid_TheoreticalStock'!F5 | P13: ='Grid_TheoreticalStock'!G5 | Q13: ='Grid_TheoreticalStock'!H5 | R13: ='Grid_TheoreticalStock'!I5 | ... DJ13: ='Grid_TheoreticalStock'!DA5
A14: 9RN | B14: =IFERROR(INDEX(M_RawMaterials[Description],MATCH($A14,M_RawMaterials[Part Name],0)),"") | C14: =IFERROR(INDEX(M_RawMaterials[Category],MATCH($A14,M_RawMaterials[Part Name],0)),"") | D14: =IFERROR(INDEX(M_RawMaterials[基準在庫下限_要入力],MATCH($A14,M_RawMaterials[Part Name],0)),0) | E14: =IFERROR(INDEX(M_RawMaterials[基準在庫上限_要入力],MATCH($A14,M_RawMaterials[Part Name],0)),0) | F14: =IFERROR(LOOKUP(2,1/('T_SelfStock'!$B$9:$DA$9<>""),'T_SelfStock'!$B$9:$DA$9),"") | G14: =IFERROR(LOOKUP(2,1/('T_TTAFStock'!$B$9:$DA$9<>""),'T_TTAFStock'!$B$9:$DA$9),"") | H14: =IFERROR(LOOKUP(2,1/('T_SelfStock'!$B$9:$DA$9<>""),'T_SelfStock'!$B$5:$DA$5),"") | I14: 実在庫 | J14: =IFERROR(INDEX('Grid_Stock'!$A5:$DA5,1,LOOKUP(2,1/('T_SelfStock'!$B$9:$DA$9<>""),COLUMN('T_SelfStock'!$B$9:$DA$9)))-INDEX('Grid_TheoreticalStock'!$A5:$DA5,1,LOOKUP(2,1/('T_SelfStock'!$B$9:$DA$9<>""),COLUMN('T_SelfStock'!$B$9:$DA$9))),0) | K14: ='Grid_Stock'!B5 | L14: ='Grid_Stock'!C5 | M14: ='Grid_Stock'!D5 | N14: ='Grid_Stock'!E5 | O14: ='Grid_Stock'!F5 | P14: ='Grid_Stock'!G5 | Q14: ='Grid_Stock'!H5 | R14: ='Grid_Stock'!I5 | ... DJ14: ='Grid_Stock'!DA5
A15: 7CL | B15: =IFERROR(INDEX(M_RawMaterials[Description],MATCH($A15,M_RawMaterials[Part Name],0)),"") | C15: =IFERROR(INDEX(M_RawMaterials[Category],MATCH($A15,M_RawMaterials[Part Name],0)),"") | D15: =IFERROR(INDEX(M_RawMaterials[基準在庫下限_要入力],MATCH($A15,M_RawMaterials[Part Name],0)),0) | E15: =IFERROR(INDEX(M_RawMaterials[基準在庫上限_要入力],MATCH($A15,M_RawMaterials[Part Name],0)),0) | F15: =IFERROR(LOOKUP(2,1/('T_SelfStock'!$B$10:$DA$10<>""),'T_SelfStock'!$B$10:$DA$10),"") | G15: =IFERROR(LOOKUP(2,1/('T_TTAFStock'!$B$10:$DA$10<>""),'T_TTAFStock'!$B$10:$DA$10),"") | H15: =IFERROR(LOOKUP(2,1/('T_SelfStock'!$B$10:$DA$10<>""),'T_SelfStock'!$B$5:$DA$5),"") | I15: 理論在庫 | J15: =IFERROR(INDEX('Grid_Stock'!$A6:$DA6,1,LOOKUP(2,1/('T_SelfStock'!$B$10:$DA$10<>""),COLUMN('T_SelfStock'!$B$10:$DA$10)))-INDEX('Grid_TheoreticalStock'!$A6:$DA6,1,LOOKUP(2,1/('T_SelfStock'!$B$10:$DA$10<>""),COLUMN('T_SelfStock'!$B$10:$DA$10))),0) | K15: ='Grid_TheoreticalStock'!B6 | L15: ='Grid_TheoreticalStock'!C6 | M15: ='Grid_TheoreticalStock'!D6 | N15: ='Grid_TheoreticalStock'!E6 | O15: ='Grid_TheoreticalStock'!F6 | P15: ='Grid_TheoreticalStock'!G6 | Q15: ='Grid_TheoreticalStock'!H6 | R15: ='Grid_TheoreticalStock'!I6 | ... DJ15: ='Grid_TheoreticalStock'!DA6
A16: 7CL | B16: =IFERROR(INDEX(M_RawMaterials[Description],MATCH($A16,M_RawMaterials[Part Name],0)),"") | C16: =IFERROR(INDEX(M_RawMaterials[Category],MATCH($A16,M_RawMaterials[Part Name],0)),"") | D16: =IFERROR(INDEX(M_RawMaterials[基準在庫下限_要入力],MATCH($A16,M_RawMaterials[Part Name],0)),0) | E16: =IFERROR(INDEX(M_RawMaterials[基準在庫上限_要入力],MATCH($A16,M_RawMaterials[Part Name],0)),0) | F16: =IFERROR(LOOKUP(2,1/('T_SelfStock'!$B$10:$DA$10<>""),'T_SelfStock'!$B$10:$DA$10),"") | G16: =IFERROR(LOOKUP(2,1/('T_TTAFStock'!$B$10:$DA$10<>""),'T_TTAFStock'!$B$10:$DA$10),"") | H16: =IFERROR(LOOKUP(2,1/('T_SelfStock'!$B$10:$DA$10<>""),'T_SelfStock'!$B$5:$DA$5),"") | I16: 実在庫 | J16: =IFERROR(INDEX('Grid_Stock'!$A6:$DA6,1,LOOKUP(2,1/('T_SelfStock'!$B$10:$DA$10<>""),COLUMN('T_SelfStock'!$B$10:$DA$10)))-INDEX('Grid_TheoreticalStock'!$A6:$DA6,1,LOOKUP(2,1/('T_SelfStock'!$B$10:$DA$10<>""),COLUMN('T_SelfStock'!$B$10:$DA$10))),0) | K16: ='Grid_Stock'!B6 | L16: ='Grid_Stock'!C6 | M16: ='Grid_Stock'!D6 | N16: ='Grid_Stock'!E6 | O16: ='Grid_Stock'!F6 | P16: ='Grid_Stock'!G6 | Q16: ='Grid_Stock'!H6 | R16: ='Grid_Stock'!I6 | ... DJ16: ='Grid_Stock'!DA6
A17: OJN | B17: =IFERROR(INDEX(M_RawMaterials[Description],MATCH($A17,M_RawMaterials[Part Name],0)),"") | C17: =IFERROR(INDEX(M_RawMaterials[Category],MATCH($A17,M_RawMaterials[Part Name],0)),"") | D17: =IFERROR(INDEX(M_RawMaterials[基準在庫下限_要入力],MATCH($A17,M_RawMaterials[Part Name],0)),0) | E17: =IFERROR(INDEX(M_RawMaterials[基準在庫上限_要入力],MATCH($A17,M_RawMaterials[Part Name],0)),0) | F17: =IFERROR(LOOKUP(2,1/('T_SelfStock'!$B$11:$DA$11<>""),'T_SelfStock'!$B$11:$DA$11),"") | G17: =IFERROR(LOOKUP(2,1/('T_TTAFStock'!$B$11:$DA$11<>""),'T_TTAFStock'!$B$11:$DA$11),"") | H17: =IFERROR(LOOKUP(2,1/('T_SelfStock'!$B$11:$DA$11<>""),'T_SelfStock'!$B$5:$DA$5),"") | I17: 理論在庫 | J17: =IFERROR(INDEX('Grid_Stock'!$A7:$DA7,1,LOOKUP(2,1/('T_SelfStock'!$B$11:$DA$11<>""),COLUMN('T_SelfStock'!$B$11:$DA$11)))-INDEX('Grid_TheoreticalStock'!$A7:$DA7,1,LOOKUP(2,1/('T_SelfStock'!$B$11:$DA$11<>""),COLUMN('T_SelfStock'!$B$11:$DA$11))),0) | K17: ='Grid_TheoreticalStock'!B7 | L17: ='Grid_TheoreticalStock'!C7 | M17: ='Grid_TheoreticalStock'!D7 | N17: ='Grid_TheoreticalStock'!E7 | O17: ='Grid_TheoreticalStock'!F7 | P17: ='Grid_TheoreticalStock'!G7 | Q17: ='Grid_TheoreticalStock'!H7 | R17: ='Grid_TheoreticalStock'!I7 | ... DJ17: ='Grid_TheoreticalStock'!DA7
A18: OJN | B18: =IFERROR(INDEX(M_RawMaterials[Description],MATCH($A18,M_RawMaterials[Part Name],0)),"") | C18: =IFERROR(INDEX(M_RawMaterials[Category],MATCH($A18,M_RawMaterials[Part Name],0)),"") | D18: =IFERROR(INDEX(M_RawMaterials[基準在庫下限_要入力],MATCH($A18,M_RawMaterials[Part Name],0)),0) | E18: =IFERROR(INDEX(M_RawMaterials[基準在庫上限_要入力],MATCH($A18,M_RawMaterials[Part Name],0)),0) | F18: =IFERROR(LOOKUP(2,1/('T_SelfStock'!$B$11:$DA$11<>""),'T_SelfStock'!$B$11:$DA$11),"") | G18: =IFERROR(LOOKUP(2,1/('T_TTAFStock'!$B$11:$DA$11<>""),'T_TTAFStock'!$B$11:$DA$11),"") | H18: =IFERROR(LOOKUP(2,1/('T_SelfStock'!$B$11:$DA$11<>""),'T_SelfStock'!$B$5:$DA$5),"") | I18: 実在庫 | J18: =IFERROR(INDEX('Grid_Stock'!$A7:$DA7,1,LOOKUP(2,1/('T_SelfStock'!$B$11:$DA$11<>""),COLUMN('T_SelfStock'!$B$11:$DA$11)))-INDEX('Grid_TheoreticalStock'!$A7:$DA7,1,LOOKUP(2,1/('T_SelfStock'!$B$11:$DA$11<>""),COLUMN('T_SelfStock'!$B$11:$DA$11))),0) | K18: ='Grid_Stock'!B7 | L18: ='Grid_Stock'!C7 | M18: ='Grid_Stock'!D7 | N18: ='Grid_Stock'!E7 | O18: ='Grid_Stock'!F7 | P18: ='Grid_Stock'!G7 | Q18: ='Grid_Stock'!H7 | R18: ='Grid_Stock'!I7 | ... DJ18: ='Grid_Stock'!DA7
A19: TDJ | B19: =IFERROR(INDEX(M_RawMaterials[Description],MATCH($A19,M_RawMaterials[Part Name],0)),"") | C19: =IFERROR(INDEX(M_RawMaterials[Category],MATCH($A19,M_RawMaterials[Part Name],0)),"") | D19: =IFERROR(INDEX(M_RawMaterials[基準在庫下限_要入力],MATCH($A19,M_RawMaterials[Part Name],0)),0) | E19: =IFERROR(INDEX(M_RawMaterials[基準在庫上限_要入力],MATCH($A19,M_RawMaterials[Part Name],0)),0) | F19: =IFERROR(LOOKUP(2,1/('T_SelfStock'!$B$12:$DA$12<>""),'T_SelfStock'!$B$12:$DA$12),"") | G19: =IFERROR(LOOKUP(2,1/('T_TTAFStock'!$B$12:$DA$12<>""),'T_TTAFStock'!$B$12:$DA$12),"") | H19: =IFERROR(LOOKUP(2,1/('T_SelfStock'!$B$12:$DA$12<>""),'T_SelfStock'!$B$5:$DA$5),"") | I19: 理論在庫 | J19: =IFERROR(INDEX('Grid_Stock'!$A8:$DA8,1,LOOKUP(2,1/('T_SelfStock'!$B$12:$DA$12<>""),COLUMN('T_SelfStock'!$B$12:$DA$12)))-INDEX('Grid_TheoreticalStock'!$A8:$DA8,1,LOOKUP(2,1/('T_SelfStock'!$B$12:$DA$12<>""),COLUMN('T_SelfStock'!$B$12:$DA$12))),0) | K19: ='Grid_TheoreticalStock'!B8 | L19: ='Grid_TheoreticalStock'!C8 | M19: ='Grid_TheoreticalStock'!D8 | N19: ='Grid_TheoreticalStock'!E8 | O19: ='Grid_TheoreticalStock'!F8 | P19: ='Grid_TheoreticalStock'!G8 | Q19: ='Grid_TheoreticalStock'!H8 | R19: ='Grid_TheoreticalStock'!I8 | ... DJ19: ='Grid_TheoreticalStock'!DA8
A20: TDJ | B20: =IFERROR(INDEX(M_RawMaterials[Description],MATCH($A20,M_RawMaterials[Part Name],0)),"") | C20: =IFERROR(INDEX(M_RawMaterials[Category],MATCH($A20,M_RawMaterials[Part Name],0)),"") | D20: =IFERROR(INDEX(M_RawMaterials[基準在庫下限_要入力],MATCH($A20,M_RawMaterials[Part Name],0)),0) | E20: =IFERROR(INDEX(M_RawMaterials[基準在庫上限_要入力],MATCH($A20,M_RawMaterials[Part Name],0)),0) | F20: =IFERROR(LOOKUP(2,1/('T_SelfStock'!$B$12:$DA$12<>""),'T_SelfStock'!$B$12:$DA$12),"") | G20: =IFERROR(LOOKUP(2,1/('T_TTAFStock'!$B$12:$DA$12<>""),'T_TTAFStock'!$B$12:$DA$12),"") | H20: =IFERROR(LOOKUP(2,1/('T_SelfStock'!$B$12:$DA$12<>""),'T_SelfStock'!$B$5:$DA$5),"") | I20: 実在庫 | J20: =IFERROR(INDEX('Grid_Stock'!$A8:$DA8,1,LOOKUP(2,1/('T_SelfStock'!$B$12:$DA$12<>""),COLUMN('T_SelfStock'!$B$12:$DA$12)))-INDEX('Grid_TheoreticalStock'!$A8:$DA8,1,LOOKUP(2,1/('T_SelfStock'!$B$12:$DA$12<>""),COLUMN('T_SelfStock'!$B$12:$DA$12))),0) | K20: ='Grid_Stock'!B8 | L20: ='Grid_Stock'!C8 | M20: ='Grid_Stock'!D8 | N20: ='Grid_Stock'!E8 | O20: ='Grid_Stock'!F8 | P20: ='Grid_Stock'!G8 | Q20: ='Grid_Stock'!H8 | R20: ='Grid_Stock'!I8 | ... DJ20: ='Grid_Stock'!DA8
A21: 3TP | B21: =IFERROR(INDEX(M_RawMaterials[Description],MATCH($A21,M_RawMaterials[Part Name],0)),"") | C21: =IFERROR(INDEX(M_RawMaterials[Category],MATCH($A21,M_RawMaterials[Part Name],0)),"") | D21: =IFERROR(INDEX(M_RawMaterials[基準在庫下限_要入力],MATCH($A21,M_RawMaterials[Part Name],0)),0) | E21: =IFERROR(INDEX(M_RawMaterials[基準在庫上限_要入力],MATCH($A21,M_RawMaterials[Part Name],0)),0) | F21: =IFERROR(LOOKUP(2,1/('T_SelfStock'!$B$13:$DA$13<>""),'T_SelfStock'!$B$13:$DA$13),"") | G21: =IFERROR(LOOKUP(2,1/('T_TTAFStock'!$B$13:$DA$13<>""),'T_TTAFStock'!$B$13:$DA$13),"") | H21: =IFERROR(LOOKUP(2,1/('T_SelfStock'!$B$13:$DA$13<>""),'T_SelfStock'!$B$5:$DA$5),"") | I21: 理論在庫 | J21: =IFERROR(INDEX('Grid_Stock'!$A9:$DA9,1,LOOKUP(2,1/('T_SelfStock'!$B$13:$DA$13<>""),COLUMN('T_SelfStock'!$B$13:$DA$13)))-INDEX('Grid_TheoreticalStock'!$A9:$DA9,1,LOOKUP(2,1/('T_SelfStock'!$B$13:$DA$13<>""),COLUMN('T_SelfStock'!$B$13:$DA$13))),0) | K21: ='Grid_TheoreticalStock'!B9 | L21: ='Grid_TheoreticalStock'!C9 | M21: ='Grid_TheoreticalStock'!D9 | N21: ='Grid_TheoreticalStock'!E9 | O21: ='Grid_TheoreticalStock'!F9 | P21: ='Grid_TheoreticalStock'!G9 | Q21: ='Grid_TheoreticalStock'!H9 | R21: ='Grid_TheoreticalStock'!I9 | ... DJ21: ='Grid_TheoreticalStock'!DA9
A22: 3TP | B22: =IFERROR(INDEX(M_RawMaterials[Description],MATCH($A22,M_RawMaterials[Part Name],0)),"") | C22: =IFERROR(INDEX(M_RawMaterials[Category],MATCH($A22,M_RawMaterials[Part Name],0)),"") | D22: =IFERROR(INDEX(M_RawMaterials[基準在庫下限_要入力],MATCH($A22,M_RawMaterials[Part Name],0)),0) | E22: =IFERROR(INDEX(M_RawMaterials[基準在庫上限_要入力],MATCH($A22,M_RawMaterials[Part Name],0)),0) | F22: =IFERROR(LOOKUP(2,1/('T_SelfStock'!$B$13:$DA$13<>""),'T_SelfStock'!$B$13:$DA$13),"") | G22: =IFERROR(LOOKUP(2,1/('T_TTAFStock'!$B$13:$DA$13<>""),'T_TTAFStock'!$B$13:$DA$13),"") | H22: =IFERROR(LOOKUP(2,1/('T_SelfStock'!$B$13:$DA$13<>""),'T_SelfStock'!$B$5:$DA$5),"") | I22: 実在庫 | J22: =IFERROR(INDEX('Grid_Stock'!$A9:$DA9,1,LOOKUP(2,1/('T_SelfStock'!$B$13:$DA$13<>""),COLUMN('T_SelfStock'!$B$13:$DA$13)))-INDEX('Grid_TheoreticalStock'!$A9:$DA9,1,LOOKUP(2,1/('T_SelfStock'!$B$13:$DA$13<>""),COLUMN('T_SelfStock'!$B$13:$DA$13))),0) | K22: ='Grid_Stock'!B9 | L22: ='Grid_Stock'!C9 | M22: ='Grid_Stock'!D9 | N22: ='Grid_Stock'!E9 | O22: ='Grid_Stock'!F9 | P22: ='Grid_Stock'!G9 | Q22: ='Grid_Stock'!H9 | R22: ='Grid_Stock'!I9 | ... DJ22: ='Grid_Stock'!DA9
A23: KEJ | B23: =IFERROR(INDEX(M_RawMaterials[Description],MATCH($A23,M_RawMaterials[Part Name],0)),"") | C23: =IFERROR(INDEX(M_RawMaterials[Category],MATCH($A23,M_RawMaterials[Part Name],0)),"") | D23: =IFERROR(INDEX(M_RawMaterials[基準在庫下限_要入力],MATCH($A23,M_RawMaterials[Part Name],0)),0) | E23: =IFERROR(INDEX(M_RawMaterials[基準在庫上限_要入力],MATCH($A23,M_RawMaterials[Part Name],0)),0) | F23: =IFERROR(LOOKUP(2,1/('T_SelfStock'!$B$14:$DA$14<>""),'T_SelfStock'!$B$14:$DA$14),"") | G23: =IFERROR(LOOKUP(2,1/('T_TTAFStock'!$B$14:$DA$14<>""),'T_TTAFStock'!$B$14:$DA$14),"") | H23: =IFERROR(LOOKUP(2,1/('T_SelfStock'!$B$14:$DA$14<>""),'T_SelfStock'!$B$5:$DA$5),"") | I23: 理論在庫 | J23: =IFERROR(INDEX('Grid_Stock'!$A10:$DA10,1,LOOKUP(2,1/('T_SelfStock'!$B$14:$DA$14<>""),COLUMN('T_SelfStock'!$B$14:$DA$14)))-INDEX('Grid_TheoreticalStock'!$A10:$DA10,1,LOOKUP(2,1/('T_SelfStock'!$B$14:$DA$14<>""),COLUMN('T_SelfStock'!$B$14:$DA$14))),0) | K23: ='Grid_TheoreticalStock'!B10 | L23: ='Grid_TheoreticalStock'!C10 | M23: ='Grid_TheoreticalStock'!D10 | N23: ='Grid_TheoreticalStock'!E10 | O23: ='Grid_TheoreticalStock'!F10 | P23: ='Grid_TheoreticalStock'!G10 | Q23: ='Grid_TheoreticalStock'!H10 | R23: ='Grid_TheoreticalStock'!I10 | ... DJ23: ='Grid_TheoreticalStock'!DA10
A24: KEJ | B24: =IFERROR(INDEX(M_RawMaterials[Description],MATCH($A24,M_RawMaterials[Part Name],0)),"") | C24: =IFERROR(INDEX(M_RawMaterials[Category],MATCH($A24,M_RawMaterials[Part Name],0)),"") | D24: =IFERROR(INDEX(M_RawMaterials[基準在庫下限_要入力],MATCH($A24,M_RawMaterials[Part Name],0)),0) | E24: =IFERROR(INDEX(M_RawMaterials[基準在庫上限_要入力],MATCH($A24,M_RawMaterials[Part Name],0)),0) | F24: =IFERROR(LOOKUP(2,1/('T_SelfStock'!$B$14:$DA$14<>""),'T_SelfStock'!$B$14:$DA$14),"") | G24: =IFERROR(LOOKUP(2,1/('T_TTAFStock'!$B$14:$DA$14<>""),'T_TTAFStock'!$B$14:$DA$14),"") | H24: =IFERROR(LOOKUP(2,1/('T_SelfStock'!$B$14:$DA$14<>""),'T_SelfStock'!$B$5:$DA$5),"") | I24: 実在庫 | J24: =IFERROR(INDEX('Grid_Stock'!$A10:$DA10,1,LOOKUP(2,1/('T_SelfStock'!$B$14:$DA$14<>""),COLUMN('T_SelfStock'!$B$14:$DA$14)))-INDEX('Grid_TheoreticalStock'!$A10:$DA10,1,LOOKUP(2,1/('T_SelfStock'!$B$14:$DA$14<>""),COLUMN('T_SelfStock'!$B$14:$DA$14))),0) | K24: ='Grid_Stock'!B10 | L24: ='Grid_Stock'!C10 | M24: ='Grid_Stock'!D10 | N24: ='Grid_Stock'!E10 | O24: ='Grid_Stock'!F10 | P24: ='Grid_Stock'!G10 | Q24: ='Grid_Stock'!H10 | R24: ='Grid_Stock'!I10 | ... DJ24: ='Grid_Stock'!DA10
A25: JEJ | B25: =IFERROR(INDEX(M_RawMaterials[Description],MATCH($A25,M_RawMaterials[Part Name],0)),"") | C25: =IFERROR(INDEX(M_RawMaterials[Category],MATCH($A25,M_RawMaterials[Part Name],0)),"") | D25: =IFERROR(INDEX(M_RawMaterials[基準在庫下限_要入力],MATCH($A25,M_RawMaterials[Part Name],0)),0) | E25: =IFERROR(INDEX(M_RawMaterials[基準在庫上限_要入力],MATCH($A25,M_RawMaterials[Part Name],0)),0) | F25: =IFERROR(LOOKUP(2,1/('T_SelfStock'!$B$15:$DA$15<>""),'T_SelfStock'!$B$15:$DA$15),"") | G25: =IFERROR(LOOKUP(2,1/('T_TTAFStock'!$B$15:$DA$15<>""),'T_TTAFStock'!$B$15:$DA$15),"") | H25: =IFERROR(LOOKUP(2,1/('T_SelfStock'!$B$15:$DA$15<>""),'T_SelfStock'!$B$5:$DA$5),"") | I25: 理論在庫 | J25: =IFERROR(INDEX('Grid_Stock'!$A11:$DA11,1,LOOKUP(2,1/('T_SelfStock'!$B$15:$DA$15<>""),COLUMN('T_SelfStock'!$B$15:$DA$15)))-INDEX('Grid_TheoreticalStock'!$A11:$DA11,1,LOOKUP(2,1/('T_SelfStock'!$B$15:$DA$15<>""),COLUMN('T_SelfStock'!$B$15:$DA$15))),0) | K25: ='Grid_TheoreticalStock'!B11 | L25: ='Grid_TheoreticalStock'!C11 | M25: ='Grid_TheoreticalStock'!D11 | N25: ='Grid_TheoreticalStock'!E11 | O25: ='Grid_TheoreticalStock'!F11 | P25: ='Grid_TheoreticalStock'!G11 | Q25: ='Grid_TheoreticalStock'!H11 | R25: ='Grid_TheoreticalStock'!I11 | ... DJ25: ='Grid_TheoreticalStock'!DA11
A26: JEJ | B26: =IFERROR(INDEX(M_RawMaterials[Description],MATCH($A26,M_RawMaterials[Part Name],0)),"") | C26: =IFERROR(INDEX(M_RawMaterials[Category],MATCH($A26,M_RawMaterials[Part Name],0)),"") | D26: =IFERROR(INDEX(M_RawMaterials[基準在庫下限_要入力],MATCH($A26,M_RawMaterials[Part Name],0)),0) | E26: =IFERROR(INDEX(M_RawMaterials[基準在庫上限_要入力],MATCH($A26,M_RawMaterials[Part Name],0)),0) | F26: =IFERROR(LOOKUP(2,1/('T_SelfStock'!$B$15:$DA$15<>""),'T_SelfStock'!$B$15:$DA$15),"") | G26: =IFERROR(LOOKUP(2,1/('T_TTAFStock'!$B$15:$DA$15<>""),'T_TTAFStock'!$B$15:$DA$15),"") | H26: =IFERROR(LOOKUP(2,1/('T_SelfStock'!$B$15:$DA$15<>""),'T_SelfStock'!$B$5:$DA$5),"") | I26: 実在庫 | J26: =IFERROR(INDEX('Grid_Stock'!$A11:$DA11,1,LOOKUP(2,1/('T_SelfStock'!$B$15:$DA$15<>""),COLUMN('T_SelfStock'!$B$15:$DA$15)))-INDEX('Grid_TheoreticalStock'!$A11:$DA11,1,LOOKUP(2,1/('T_SelfStock'!$B$15:$DA$15<>""),COLUMN('T_SelfStock'!$B$15:$DA$15))),0) | K26: ='Grid_Stock'!B11 | L26: ='Grid_Stock'!C11 | M26: ='Grid_Stock'!D11 | N26: ='Grid_Stock'!E11 | O26: ='Grid_Stock'!F11 | P26: ='Grid_Stock'!G11 | Q26: ='Grid_Stock'!H11 | R26: ='Grid_Stock'!I11 | ... DJ26: ='Grid_Stock'!DA11
A27: YAN | B27: =IFERROR(INDEX(M_RawMaterials[Description],MATCH($A27,M_RawMaterials[Part Name],0)),"") | C27: =IFERROR(INDEX(M_RawMaterials[Category],MATCH($A27,M_RawMaterials[Part Name],0)),"") | D27: =IFERROR(INDEX(M_RawMaterials[基準在庫下限_要入力],MATCH($A27,M_RawMaterials[Part Name],0)),0) | E27: =IFERROR(INDEX(M_RawMaterials[基準在庫上限_要入力],MATCH($A27,M_RawMaterials[Part Name],0)),0) | F27: =IFERROR(LOOKUP(2,1/('T_SelfStock'!$B$16:$DA$16<>""),'T_SelfStock'!$B$16:$DA$16),"") | G27: =IFERROR(LOOKUP(2,1/('T_TTAFStock'!$B$16:$DA$16<>""),'T_TTAFStock'!$B$16:$DA$16),"") | H27: =IFERROR(LOOKUP(2,1/('T_SelfStock'!$B$16:$DA$16<>""),'T_SelfStock'!$B$5:$DA$5),"") | I27: 理論在庫 | J27: =IFERROR(INDEX('Grid_Stock'!$A12:$DA12,1,LOOKUP(2,1/('T_SelfStock'!$B$16:$DA$16<>""),COLUMN('T_SelfStock'!$B$16:$DA$16)))-INDEX('Grid_TheoreticalStock'!$A12:$DA12,1,LOOKUP(2,1/('T_SelfStock'!$B$16:$DA$16<>""),COLUMN('T_SelfStock'!$B$16:$DA$16))),0) | K27: ='Grid_TheoreticalStock'!B12 | L27: ='Grid_TheoreticalStock'!C12 | M27: ='Grid_TheoreticalStock'!D12 | N27: ='Grid_TheoreticalStock'!E12 | O27: ='Grid_TheoreticalStock'!F12 | P27: ='Grid_TheoreticalStock'!G12 | Q27: ='Grid_TheoreticalStock'!H12 | R27: ='Grid_TheoreticalStock'!I12 | ... DJ27: ='Grid_TheoreticalStock'!DA12
A28: YAN | B28: =IFERROR(INDEX(M_RawMaterials[Description],MATCH($A28,M_RawMaterials[Part Name],0)),"") | C28: =IFERROR(INDEX(M_RawMaterials[Category],MATCH($A28,M_RawMaterials[Part Name],0)),"") | D28: =IFERROR(INDEX(M_RawMaterials[基準在庫下限_要入力],MATCH($A28,M_RawMaterials[Part Name],0)),0) | E28: =IFERROR(INDEX(M_RawMaterials[基準在庫上限_要入力],MATCH($A28,M_RawMaterials[Part Name],0)),0) | F28: =IFERROR(LOOKUP(2,1/('T_SelfStock'!$B$16:$DA$16<>""),'T_SelfStock'!$B$16:$DA$16),"") | G28: =IFERROR(LOOKUP(2,1/('T_TTAFStock'!$B$16:$DA$16<>""),'T_TTAFStock'!$B$16:$DA$16),"") | H28: =IFERROR(LOOKUP(2,1/('T_SelfStock'!$B$16:$DA$16<>""),'T_SelfStock'!$B$5:$DA$5),"") | I28: 実在庫 | J28: =IFERROR(INDEX('Grid_Stock'!$A12:$DA12,1,LOOKUP(2,1/('T_SelfStock'!$B$16:$DA$16<>""),COLUMN('T_SelfStock'!$B$16:$DA$16)))-INDEX('Grid_TheoreticalStock'!$A12:$DA12,1,LOOKUP(2,1/('T_SelfStock'!$B$16:$DA$16<>""),COLUMN('T_SelfStock'!$B$16:$DA$16))),0) | K28: ='Grid_Stock'!B12 | L28: ='Grid_Stock'!C12 | M28: ='Grid_Stock'!D12 | N28: ='Grid_Stock'!E12 | O28: ='Grid_Stock'!F12 | P28: ='Grid_Stock'!G12 | Q28: ='Grid_Stock'!H12 | R28: ='Grid_Stock'!I12 | ... DJ28: ='Grid_Stock'!DA12
A29: ABN | B29: =IFERROR(INDEX(M_RawMaterials[Description],MATCH($A29,M_RawMaterials[Part Name],0)),"") | C29: =IFERROR(INDEX(M_RawMaterials[Category],MATCH($A29,M_RawMaterials[Part Name],0)),"") | D29: =IFERROR(INDEX(M_RawMaterials[基準在庫下限_要入力],MATCH($A29,M_RawMaterials[Part Name],0)),0) | E29: =IFERROR(INDEX(M_RawMaterials[基準在庫上限_要入力],MATCH($A29,M_RawMaterials[Part Name],0)),0) | F29: =IFERROR(LOOKUP(2,1/('T_SelfStock'!$B$17:$DA$17<>""),'T_SelfStock'!$B$17:$DA$17),"") | G29: =IFERROR(LOOKUP(2,1/('T_TTAFStock'!$B$17:$DA$17<>""),'T_TTAFStock'!$B$17:$DA$17),"") | H29: =IFERROR(LOOKUP(2,1/('T_SelfStock'!$B$17:$DA$17<>""),'T_SelfStock'!$B$5:$DA$5),"") | I29: 理論在庫 | J29: =IFERROR(INDEX('Grid_Stock'!$A13:$DA13,1,LOOKUP(2,1/('T_SelfStock'!$B$17:$DA$17<>""),COLUMN('T_SelfStock'!$B$17:$DA$17)))-INDEX('Grid_TheoreticalStock'!$A13:$DA13,1,LOOKUP(2,1/('T_SelfStock'!$B$17:$DA$17<>""),COLUMN('T_SelfStock'!$B$17:$DA$17))),0) | K29: ='Grid_TheoreticalStock'!B13 | L29: ='Grid_TheoreticalStock'!C13 | M29: ='Grid_TheoreticalStock'!D13 | N29: ='Grid_TheoreticalStock'!E13 | O29: ='Grid_TheoreticalStock'!F13 | P29: ='Grid_TheoreticalStock'!G13 | Q29: ='Grid_TheoreticalStock'!H13 | R29: ='Grid_TheoreticalStock'!I13 | ... DJ29: ='Grid_TheoreticalStock'!DA13
A30: ABN | B30: =IFERROR(INDEX(M_RawMaterials[Description],MATCH($A30,M_RawMaterials[Part Name],0)),"") | C30: =IFERROR(INDEX(M_RawMaterials[Category],MATCH($A30,M_RawMaterials[Part Name],0)),"") | D30: =IFERROR(INDEX(M_RawMaterials[基準在庫下限_要入力],MATCH($A30,M_RawMaterials[Part Name],0)),0) | E30: =IFERROR(INDEX(M_RawMaterials[基準在庫上限_要入力],MATCH($A30,M_RawMaterials[Part Name],0)),0) | F30: =IFERROR(LOOKUP(2,1/('T_SelfStock'!$B$17:$DA$17<>""),'T_SelfStock'!$B$17:$DA$17),"") | G30: =IFERROR(LOOKUP(2,1/('T_TTAFStock'!$B$17:$DA$17<>""),'T_TTAFStock'!$B$17:$DA$17),"") | H30: =IFERROR(LOOKUP(2,1/('T_SelfStock'!$B$17:$DA$17<>""),'T_SelfStock'!$B$5:$DA$5),"") | I30: 実在庫 | J30: =IFERROR(INDEX('Grid_Stock'!$A13:$DA13,1,LOOKUP(2,1/('T_SelfStock'!$B$17:$DA$17<>""),COLUMN('T_SelfStock'!$B$17:$DA$17)))-INDEX('Grid_TheoreticalStock'!$A13:$DA13,1,LOOKUP(2,1/('T_SelfStock'!$B$17:$DA$17<>""),COLUMN('T_SelfStock'!$B$17:$DA$17))),0) | K30: ='Grid_Stock'!B13 | L30: ='Grid_Stock'!C13 | M30: ='Grid_Stock'!D13 | N30: ='Grid_Stock'!E13 | O30: ='Grid_Stock'!F13 | P30: ='Grid_Stock'!G13 | Q30: ='Grid_Stock'!H13 | R30: ='Grid_Stock'!I13 | ... DJ30: ='Grid_Stock'!DA13
A31: OLJ | B31: =IFERROR(INDEX(M_RawMaterials[Description],MATCH($A31,M_RawMaterials[Part Name],0)),"") | C31: =IFERROR(INDEX(M_RawMaterials[Category],MATCH($A31,M_RawMaterials[Part Name],0)),"") | D31: =IFERROR(INDEX(M_RawMaterials[基準在庫下限_要入力],MATCH($A31,M_RawMaterials[Part Name],0)),0) | E31: =IFERROR(INDEX(M_RawMaterials[基準在庫上限_要入力],MATCH($A31,M_RawMaterials[Part Name],0)),0) | F31: =IFERROR(LOOKUP(2,1/('T_SelfStock'!$B$18:$DA$18<>""),'T_SelfStock'!$B$18:$DA$18),"") | G31: =IFERROR(LOOKUP(2,1/('T_TTAFStock'!$B$18:$DA$18<>""),'T_TTAFStock'!$B$18:$DA$18),"") | H31: =IFERROR(LOOKUP(2,1/('T_SelfStock'!$B$18:$DA$18<>""),'T_SelfStock'!$B$5:$DA$5),"") | I31: 理論在庫 | J31: =IFERROR(INDEX('Grid_Stock'!$A14:$DA14,1,LOOKUP(2,1/('T_SelfStock'!$B$18:$DA$18<>""),COLUMN('T_SelfStock'!$B$18:$DA$18)))-INDEX('Grid_TheoreticalStock'!$A14:$DA14,1,LOOKUP(2,1/('T_SelfStock'!$B$18:$DA$18<>""),COLUMN('T_SelfStock'!$B$18:$DA$18))),0) | K31: ='Grid_TheoreticalStock'!B14 | L31: ='Grid_TheoreticalStock'!C14 | M31: ='Grid_TheoreticalStock'!D14 | N31: ='Grid_TheoreticalStock'!E14 | O31: ='Grid_TheoreticalStock'!F14 | P31: ='Grid_TheoreticalStock'!G14 | Q31: ='Grid_TheoreticalStock'!H14 | R31: ='Grid_TheoreticalStock'!I14 | ... DJ31: ='Grid_TheoreticalStock'!DA14
A32: OLJ | B32: =IFERROR(INDEX(M_RawMaterials[Description],MATCH($A32,M_RawMaterials[Part Name],0)),"") | C32: =IFERROR(INDEX(M_RawMaterials[Category],MATCH($A32,M_RawMaterials[Part Name],0)),"") | D32: =IFERROR(INDEX(M_RawMaterials[基準在庫下限_要入力],MATCH($A32,M_RawMaterials[Part Name],0)),0) | E32: =IFERROR(INDEX(M_RawMaterials[基準在庫上限_要入力],MATCH($A32,M_RawMaterials[Part Name],0)),0) | F32: =IFERROR(LOOKUP(2,1/('T_SelfStock'!$B$18:$DA$18<>""),'T_SelfStock'!$B$18:$DA$18),"") | G32: =IFERROR(LOOKUP(2,1/('T_TTAFStock'!$B$18:$DA$18<>""),'T_TTAFStock'!$B$18:$DA$18),"") | H32: =IFERROR(LOOKUP(2,1/('T_SelfStock'!$B$18:$DA$18<>""),'T_SelfStock'!$B$5:$DA$5),"") | I32: 実在庫 | J32: =IFERROR(INDEX('Grid_Stock'!$A14:$DA14,1,LOOKUP(2,1/('T_SelfStock'!$B$18:$DA$18<>""),COLUMN('T_SelfStock'!$B$18:$DA$18)))-INDEX('Grid_TheoreticalStock'!$A14:$DA14,1,LOOKUP(2,1/('T_SelfStock'!$B$18:$DA$18<>""),COLUMN('T_SelfStock'!$B$18:$DA$18))),0) | K32: ='Grid_Stock'!B14 | L32: ='Grid_Stock'!C14 | M32: ='Grid_Stock'!D14 | N32: ='Grid_Stock'!E14 | O32: ='Grid_Stock'!F14 | P32: ='Grid_Stock'!G14 | Q32: ='Grid_Stock'!H14 | R32: ='Grid_Stock'!I14 | ... DJ32: ='Grid_Stock'!DA14
A33: 5SN | B33: =IFERROR(INDEX(M_RawMaterials[Description],MATCH($A33,M_RawMaterials[Part Name],0)),"") | C33: =IFERROR(INDEX(M_RawMaterials[Category],MATCH($A33,M_RawMaterials[Part Name],0)),"") | D33: =IFERROR(INDEX(M_RawMaterials[基準在庫下限_要入力],MATCH($A33,M_RawMaterials[Part Name],0)),0) | E33: =IFERROR(INDEX(M_RawMaterials[基準在庫上限_要入力],MATCH($A33,M_RawMaterials[Part Name],0)),0) | F33: =IFERROR(LOOKUP(2,1/('T_SelfStock'!$B$19:$DA$19<>""),'T_SelfStock'!$B$19:$DA$19),"") | G33: =IFERROR(LOOKUP(2,1/('T_TTAFStock'!$B$19:$DA$19<>""),'T_TTAFStock'!$B$19:$DA$19),"") | H33: =IFERROR(LOOKUP(2,1/('T_SelfStock'!$B$19:$DA$19<>""),'T_SelfStock'!$B$5:$DA$5),"") | I33: 理論在庫 | J33: =IFERROR(INDEX('Grid_Stock'!$A15:$DA15,1,LOOKUP(2,1/('T_SelfStock'!$B$19:$DA$19<>""),COLUMN('T_SelfStock'!$B$19:$DA$19)))-INDEX('Grid_TheoreticalStock'!$A15:$DA15,1,LOOKUP(2,1/('T_SelfStock'!$B$19:$DA$19<>""),COLUMN('T_SelfStock'!$B$19:$DA$19))),0) | K33: ='Grid_TheoreticalStock'!B15 | L33: ='Grid_TheoreticalStock'!C15 | M33: ='Grid_TheoreticalStock'!D15 | N33: ='Grid_TheoreticalStock'!E15 | O33: ='Grid_TheoreticalStock'!F15 | P33: ='Grid_TheoreticalStock'!G15 | Q33: ='Grid_TheoreticalStock'!H15 | R33: ='Grid_TheoreticalStock'!I15 | ... DJ33: ='Grid_TheoreticalStock'!DA15
A34: 5SN | B34: =IFERROR(INDEX(M_RawMaterials[Description],MATCH($A34,M_RawMaterials[Part Name],0)),"") | C34: =IFERROR(INDEX(M_RawMaterials[Category],MATCH($A34,M_RawMaterials[Part Name],0)),"") | D34: =IFERROR(INDEX(M_RawMaterials[基準在庫下限_要入力],MATCH($A34,M_RawMaterials[Part Name],0)),0) | E34: =IFERROR(INDEX(M_RawMaterials[基準在庫上限_要入力],MATCH($A34,M_RawMaterials[Part Name],0)),0) | F34: =IFERROR(LOOKUP(2,1/('T_SelfStock'!$B$19:$DA$19<>""),'T_SelfStock'!$B$19:$DA$19),"") | G34: =IFERROR(LOOKUP(2,1/('T_TTAFStock'!$B$19:$DA$19<>""),'T_TTAFStock'!$B$19:$DA$19),"") | H34: =IFERROR(LOOKUP(2,1/('T_SelfStock'!$B$19:$DA$19<>""),'T_SelfStock'!$B$5:$DA$5),"") | I34: 実在庫 | J34: =IFERROR(INDEX('Grid_Stock'!$A15:$DA15,1,LOOKUP(2,1/('T_SelfStock'!$B$19:$DA$19<>""),COLUMN('T_SelfStock'!$B$19:$DA$19)))-INDEX('Grid_TheoreticalStock'!$A15:$DA15,1,LOOKUP(2,1/('T_SelfStock'!$B$19:$DA$19<>""),COLUMN('T_SelfStock'!$B$19:$DA$19))),0) | K34: ='Grid_Stock'!B15 | L34: ='Grid_Stock'!C15 | M34: ='Grid_Stock'!D15 | N34: ='Grid_Stock'!E15 | O34: ='Grid_Stock'!F15 | P34: ='Grid_Stock'!G15 | Q34: ='Grid_Stock'!H15 | R34: ='Grid_Stock'!I15 | ... DJ34: ='Grid_Stock'!DA15
A35: 8EN | B35: =IFERROR(INDEX(M_RawMaterials[Description],MATCH($A35,M_RawMaterials[Part Name],0)),"") | C35: =IFERROR(INDEX(M_RawMaterials[Category],MATCH($A35,M_RawMaterials[Part Name],0)),"") | D35: =IFERROR(INDEX(M_RawMaterials[基準在庫下限_要入力],MATCH($A35,M_RawMaterials[Part Name],0)),0) | E35: =IFERROR(INDEX(M_RawMaterials[基準在庫上限_要入力],MATCH($A35,M_RawMaterials[Part Name],0)),0) | F35: =IFERROR(LOOKUP(2,1/('T_SelfStock'!$B$20:$DA$20<>""),'T_SelfStock'!$B$20:$DA$20),"") | G35: =IFERROR(LOOKUP(2,1/('T_TTAFStock'!$B$20:$DA$20<>""),'T_TTAFStock'!$B$20:$DA$20),"") | H35: =IFERROR(LOOKUP(2,1/('T_SelfStock'!$B$20:$DA$20<>""),'T_SelfStock'!$B$5:$DA$5),"") | I35: 理論在庫 | J35: =IFERROR(INDEX('Grid_Stock'!$A16:$DA16,1,LOOKUP(2,1/('T_SelfStock'!$B$20:$DA$20<>""),COLUMN('T_SelfStock'!$B$20:$DA$20)))-INDEX('Grid_TheoreticalStock'!$A16:$DA16,1,LOOKUP(2,1/('T_SelfStock'!$B$20:$DA$20<>""),COLUMN('T_SelfStock'!$B$20:$DA$20))),0) | K35: ='Grid_TheoreticalStock'!B16 | L35: ='Grid_TheoreticalStock'!C16 | M35: ='Grid_TheoreticalStock'!D16 | N35: ='Grid_TheoreticalStock'!E16 | O35: ='Grid_TheoreticalStock'!F16 | P35: ='Grid_TheoreticalStock'!G16 | Q35: ='Grid_TheoreticalStock'!H16 | R35: ='Grid_TheoreticalStock'!I16 | ... DJ35: ='Grid_TheoreticalStock'!DA16
A36: 8EN | B36: =IFERROR(INDEX(M_RawMaterials[Description],MATCH($A36,M_RawMaterials[Part Name],0)),"") | C36: =IFERROR(INDEX(M_RawMaterials[Category],MATCH($A36,M_RawMaterials[Part Name],0)),"") | D36: =IFERROR(INDEX(M_RawMaterials[基準在庫下限_要入力],MATCH($A36,M_RawMaterials[Part Name],0)),0) | E36: =IFERROR(INDEX(M_RawMaterials[基準在庫上限_要入力],MATCH($A36,M_RawMaterials[Part Name],0)),0) | F36: =IFERROR(LOOKUP(2,1/('T_SelfStock'!$B$20:$DA$20<>""),'T_SelfStock'!$B$20:$DA$20),"") | G36: =IFERROR(LOOKUP(2,1/('T_TTAFStock'!$B$20:$DA$20<>""),'T_TTAFStock'!$B$20:$DA$20),"") | H36: =IFERROR(LOOKUP(2,1/('T_SelfStock'!$B$20:$DA$20<>""),'T_SelfStock'!$B$5:$DA$5),"") | I36: 実在庫 | J36: =IFERROR(INDEX('Grid_Stock'!$A16:$DA16,1,LOOKUP(2,1/('T_SelfStock'!$B$20:$DA$20<>""),COLUMN('T_SelfStock'!$B$20:$DA$20)))-INDEX('Grid_TheoreticalStock'!$A16:$DA16,1,LOOKUP(2,1/('T_SelfStock'!$B$20:$DA$20<>""),COLUMN('T_SelfStock'!$B$20:$DA$20))),0) | K36: ='Grid_Stock'!B16 | L36: ='Grid_Stock'!C16 | M36: ='Grid_Stock'!D16 | N36: ='Grid_Stock'!E16 | O36: ='Grid_Stock'!F16 | P36: ='Grid_Stock'!G16 | Q36: ='Grid_Stock'!H16 | R36: ='Grid_Stock'!I16 | ... DJ36: ='Grid_Stock'!DA16
A37: 9RJ | B37: =IFERROR(INDEX(M_RawMaterials[Description],MATCH($A37,M_RawMaterials[Part Name],0)),"") | C37: =IFERROR(INDEX(M_RawMaterials[Category],MATCH($A37,M_RawMaterials[Part Name],0)),"") | D37: =IFERROR(INDEX(M_RawMaterials[基準在庫下限_要入力],MATCH($A37,M_RawMaterials[Part Name],0)),0) | E37: =IFERROR(INDEX(M_RawMaterials[基準在庫上限_要入力],MATCH($A37,M_RawMaterials[Part Name],0)),0) | F37: =IFERROR(LOOKUP(2,1/('T_SelfStock'!$B$21:$DA$21<>""),'T_SelfStock'!$B$21:$DA$21),"") | G37: =IFERROR(LOOKUP(2,1/('T_TTAFStock'!$B$21:$DA$21<>""),'T_TTAFStock'!$B$21:$DA$21),"") | H37: =IFERROR(LOOKUP(2,1/('T_SelfStock'!$B$21:$DA$21<>""),'T_SelfStock'!$B$5:$DA$5),"") | I37: 理論在庫 | J37: =IFERROR(INDEX('Grid_Stock'!$A17:$DA17,1,LOOKUP(2,1/('T_SelfStock'!$B$21:$DA$21<>""),COLUMN('T_SelfStock'!$B$21:$DA$21)))-INDEX('Grid_TheoreticalStock'!$A17:$DA17,1,LOOKUP(2,1/('T_SelfStock'!$B$21:$DA$21<>""),COLUMN('T_SelfStock'!$B$21:$DA$21))),0) | K37: ='Grid_TheoreticalStock'!B17 | L37: ='Grid_TheoreticalStock'!C17 | M37: ='Grid_TheoreticalStock'!D17 | N37: ='Grid_TheoreticalStock'!E17 | O37: ='Grid_TheoreticalStock'!F17 | P37: ='Grid_TheoreticalStock'!G17 | Q37: ='Grid_TheoreticalStock'!H17 | R37: ='Grid_TheoreticalStock'!I17 | ... DJ37: ='Grid_TheoreticalStock'!DA17
A38: 9RJ | B38: =IFERROR(INDEX(M_RawMaterials[Description],MATCH($A38,M_RawMaterials[Part Name],0)),"") | C38: =IFERROR(INDEX(M_RawMaterials[Category],MATCH($A38,M_RawMaterials[Part Name],0)),"") | D38: =IFERROR(INDEX(M_RawMaterials[基準在庫下限_要入力],MATCH($A38,M_RawMaterials[Part Name],0)),0) | E38: =IFERROR(INDEX(M_RawMaterials[基準在庫上限_要入力],MATCH($A38,M_RawMaterials[Part Name],0)),0) | F38: =IFERROR(LOOKUP(2,1/('T_SelfStock'!$B$21:$DA$21<>""),'T_SelfStock'!$B$21:$DA$21),"") | G38: =IFERROR(LOOKUP(2,1/('T_TTAFStock'!$B$21:$DA$21<>""),'T_TTAFStock'!$B$21:$DA$21),"") | H38: =IFERROR(LOOKUP(2,1/('T_SelfStock'!$B$21:$DA$21<>""),'T_SelfStock'!$B$5:$DA$5),"") | I38: 実在庫 | J38: =IFERROR(INDEX('Grid_Stock'!$A17:$DA17,1,LOOKUP(2,1/('T_SelfStock'!$B$21:$DA$21<>""),COLUMN('T_SelfStock'!$B$21:$DA$21)))-INDEX('Grid_TheoreticalStock'!$A17:$DA17,1,LOOKUP(2,1/('T_SelfStock'!$B$21:$DA$21<>""),COLUMN('T_SelfStock'!$B$21:$DA$21))),0) | K38: ='Grid_Stock'!B17 | L38: ='Grid_Stock'!C17 | M38: ='Grid_Stock'!D17 | N38: ='Grid_Stock'!E17 | O38: ='Grid_Stock'!F17 | P38: ='Grid_Stock'!G17 | Q38: ='Grid_Stock'!H17 | R38: ='Grid_Stock'!I17 | ... DJ38: ='Grid_Stock'!DA17
A39: 5JK | B39: =IFERROR(INDEX(M_RawMaterials[Description],MATCH($A39,M_RawMaterials[Part Name],0)),"") | C39: =IFERROR(INDEX(M_RawMaterials[Category],MATCH($A39,M_RawMaterials[Part Name],0)),"") | D39: =IFERROR(INDEX(M_RawMaterials[基準在庫下限_要入力],MATCH($A39,M_RawMaterials[Part Name],0)),0) | E39: =IFERROR(INDEX(M_RawMaterials[基準在庫上限_要入力],MATCH($A39,M_RawMaterials[Part Name],0)),0) | F39: =IFERROR(LOOKUP(2,1/('T_SelfStock'!$B$22:$DA$22<>""),'T_SelfStock'!$B$22:$DA$22),"") | G39: =IFERROR(LOOKUP(2,1/('T_TTAFStock'!$B$22:$DA$22<>""),'T_TTAFStock'!$B$22:$DA$22),"") | H39: =IFERROR(LOOKUP(2,1/('T_SelfStock'!$B$22:$DA$22<>""),'T_SelfStock'!$B$5:$DA$5),"") | I39: 理論在庫 | J39: =IFERROR(INDEX('Grid_Stock'!$A18:$DA18,1,LOOKUP(2,1/('T_SelfStock'!$B$22:$DA$22<>""),COLUMN('T_SelfStock'!$B$22:$DA$22)))-INDEX('Grid_TheoreticalStock'!$A18:$DA18,1,LOOKUP(2,1/('T_SelfStock'!$B$22:$DA$22<>""),COLUMN('T_SelfStock'!$B$22:$DA$22))),0) | K39: ='Grid_TheoreticalStock'!B18 | L39: ='Grid_TheoreticalStock'!C18 | M39: ='Grid_TheoreticalStock'!D18 | N39: ='Grid_TheoreticalStock'!E18 | O39: ='Grid_TheoreticalStock'!F18 | P39: ='Grid_TheoreticalStock'!G18 | Q39: ='Grid_TheoreticalStock'!H18 | R39: ='Grid_TheoreticalStock'!I18 | ... DJ39: ='Grid_TheoreticalStock'!DA18
A40: 5JK | B40: =IFERROR(INDEX(M_RawMaterials[Description],MATCH($A40,M_RawMaterials[Part Name],0)),"") | C40: =IFERROR(INDEX(M_RawMaterials[Category],MATCH($A40,M_RawMaterials[Part Name],0)),"") | D40: =IFERROR(INDEX(M_RawMaterials[基準在庫下限_要入力],MATCH($A40,M_RawMaterials[Part Name],0)),0) | E40: =IFERROR(INDEX(M_RawMaterials[基準在庫上限_要入力],MATCH($A40,M_RawMaterials[Part Name],0)),0) | F40: =IFERROR(LOOKUP(2,1/('T_SelfStock'!$B$22:$DA$22<>""),'T_SelfStock'!$B$22:$DA$22),"") | G40: =IFERROR(LOOKUP(2,1/('T_TTAFStock'!$B$22:$DA$22<>""),'T_TTAFStock'!$B$22:$DA$22),"") | H40: =IFERROR(LOOKUP(2,1/('T_SelfStock'!$B$22:$DA$22<>""),'T_SelfStock'!$B$5:$DA$5),"") | I40: 実在庫 | J40: =IFERROR(INDEX('Grid_Stock'!$A18:$DA18,1,LOOKUP(2,1/('T_SelfStock'!$B$22:$DA$22<>""),COLUMN('T_SelfStock'!$B$22:$DA$22)))-INDEX('Grid_TheoreticalStock'!$A18:$DA18,1,LOOKUP(2,1/('T_SelfStock'!$B$22:$DA$22<>""),COLUMN('T_SelfStock'!$B$22:$DA$22))),0) | K40: ='Grid_Stock'!B18 | L40: ='Grid_Stock'!C18 | M40: ='Grid_Stock'!D18 | N40: ='Grid_Stock'!E18 | O40: ='Grid_Stock'!F18 | P40: ='Grid_Stock'!G18 | Q40: ='Grid_Stock'!H18 | R40: ='Grid_Stock'!I18 | ... DJ40: ='Grid_Stock'!DA18
A41: 26F | B41: =IFERROR(INDEX(M_RawMaterials[Description],MATCH($A41,M_RawMaterials[Part Name],0)),"") | C41: =IFERROR(INDEX(M_RawMaterials[Category],MATCH($A41,M_RawMaterials[Part Name],0)),"") | D41: =IFERROR(INDEX(M_RawMaterials[基準在庫下限_要入力],MATCH($A41,M_RawMaterials[Part Name],0)),0) | E41: =IFERROR(INDEX(M_RawMaterials[基準在庫上限_要入力],MATCH($A41,M_RawMaterials[Part Name],0)),0) | F41: =IFERROR(LOOKUP(2,1/('T_SelfStock'!$B$23:$DA$23<>""),'T_SelfStock'!$B$23:$DA$23),"") | G41: =IFERROR(LOOKUP(2,1/('T_TTAFStock'!$B$23:$DA$23<>""),'T_TTAFStock'!$B$23:$DA$23),"") | H41: =IFERROR(LOOKUP(2,1/('T_SelfStock'!$B$23:$DA$23<>""),'T_SelfStock'!$B$5:$DA$5),"") | I41: 理論在庫 | J41: =IFERROR(INDEX('Grid_Stock'!$A19:$DA19,1,LOOKUP(2,1/('T_SelfStock'!$B$23:$DA$23<>""),COLUMN('T_SelfStock'!$B$23:$DA$23)))-INDEX('Grid_TheoreticalStock'!$A19:$DA19,1,LOOKUP(2,1/('T_SelfStock'!$B$23:$DA$23<>""),COLUMN('T_SelfStock'!$B$23:$DA$23))),0) | K41: ='Grid_TheoreticalStock'!B19 | L41: ='Grid_TheoreticalStock'!C19 | M41: ='Grid_TheoreticalStock'!D19 | N41: ='Grid_TheoreticalStock'!E19 | O41: ='Grid_TheoreticalStock'!F19 | P41: ='Grid_TheoreticalStock'!G19 | Q41: ='Grid_TheoreticalStock'!H19 | R41: ='Grid_TheoreticalStock'!I19 | ... DJ41: ='Grid_TheoreticalStock'!DA19
A42: 26F | B42: =IFERROR(INDEX(M_RawMaterials[Description],MATCH($A42,M_RawMaterials[Part Name],0)),"") | C42: =IFERROR(INDEX(M_RawMaterials[Category],MATCH($A42,M_RawMaterials[Part Name],0)),"") | D42: =IFERROR(INDEX(M_RawMaterials[基準在庫下限_要入力],MATCH($A42,M_RawMaterials[Part Name],0)),0) | E42: =IFERROR(INDEX(M_RawMaterials[基準在庫上限_要入力],MATCH($A42,M_RawMaterials[Part Name],0)),0) | F42: =IFERROR(LOOKUP(2,1/('T_SelfStock'!$B$23:$DA$23<>""),'T_SelfStock'!$B$23:$DA$23),"") | G42: =IFERROR(LOOKUP(2,1/('T_TTAFStock'!$B$23:$DA$23<>""),'T_TTAFStock'!$B$23:$DA$23),"") | H42: =IFERROR(LOOKUP(2,1/('T_SelfStock'!$B$23:$DA$23<>""),'T_SelfStock'!$B$5:$DA$5),"") | I42: 実在庫 | J42: =IFERROR(INDEX('Grid_Stock'!$A19:$DA19,1,LOOKUP(2,1/('T_SelfStock'!$B$23:$DA$23<>""),COLUMN('T_SelfStock'!$B$23:$DA$23)))-INDEX('Grid_TheoreticalStock'!$A19:$DA19,1,LOOKUP(2,1/('T_SelfStock'!$B$23:$DA$23<>""),COLUMN('T_SelfStock'!$B$23:$DA$23))),0) | K42: ='Grid_Stock'!B19 | L42: ='Grid_Stock'!C19 | M42: ='Grid_Stock'!D19 | N42: ='Grid_Stock'!E19 | O42: ='Grid_Stock'!F19 | P42: ='Grid_Stock'!G19 | Q42: ='Grid_Stock'!H19 | R42: ='Grid_Stock'!I19 | ... DJ42: ='Grid_Stock'!DA19
A43: 73K | B43: =IFERROR(INDEX(M_RawMaterials[Description],MATCH($A43,M_RawMaterials[Part Name],0)),"") | C43: =IFERROR(INDEX(M_RawMaterials[Category],MATCH($A43,M_RawMaterials[Part Name],0)),"") | D43: =IFERROR(INDEX(M_RawMaterials[基準在庫下限_要入力],MATCH($A43,M_RawMaterials[Part Name],0)),0) | E43: =IFERROR(INDEX(M_RawMaterials[基準在庫上限_要入力],MATCH($A43,M_RawMaterials[Part Name],0)),0) | F43: =IFERROR(LOOKUP(2,1/('T_SelfStock'!$B$24:$DA$24<>""),'T_SelfStock'!$B$24:$DA$24),"") | G43: =IFERROR(LOOKUP(2,1/('T_TTAFStock'!$B$24:$DA$24<>""),'T_TTAFStock'!$B$24:$DA$24),"") | H43: =IFERROR(LOOKUP(2,1/('T_SelfStock'!$B$24:$DA$24<>""),'T_SelfStock'!$B$5:$DA$5),"") | I43: 理論在庫 | J43: =IFERROR(INDEX('Grid_Stock'!$A20:$DA20,1,LOOKUP(2,1/('T_SelfStock'!$B$24:$DA$24<>""),COLUMN('T_SelfStock'!$B$24:$DA$24)))-INDEX('Grid_TheoreticalStock'!$A20:$DA20,1,LOOKUP(2,1/('T_SelfStock'!$B$24:$DA$24<>""),COLUMN('T_SelfStock'!$B$24:$DA$24))),0) | K43: ='Grid_TheoreticalStock'!B20 | L43: ='Grid_TheoreticalStock'!C20 | M43: ='Grid_TheoreticalStock'!D20 | N43: ='Grid_TheoreticalStock'!E20 | O43: ='Grid_TheoreticalStock'!F20 | P43: ='Grid_TheoreticalStock'!G20 | Q43: ='Grid_TheoreticalStock'!H20 | R43: ='Grid_TheoreticalStock'!I20 | ... DJ43: ='Grid_TheoreticalStock'!DA20
A44: 73K | B44: =IFERROR(INDEX(M_RawMaterials[Description],MATCH($A44,M_RawMaterials[Part Name],0)),"") | C44: =IFERROR(INDEX(M_RawMaterials[Category],MATCH($A44,M_RawMaterials[Part Name],0)),"") | D44: =IFERROR(INDEX(M_RawMaterials[基準在庫下限_要入力],MATCH($A44,M_RawMaterials[Part Name],0)),0) | E44: =IFERROR(INDEX(M_RawMaterials[基準在庫上限_要入力],MATCH($A44,M_RawMaterials[Part Name],0)),0) | F44: =IFERROR(LOOKUP(2,1/('T_SelfStock'!$B$24:$DA$24<>""),'T_SelfStock'!$B$24:$DA$24),"") | G44: =IFERROR(LOOKUP(2,1/('T_TTAFStock'!$B$24:$DA$24<>""),'T_TTAFStock'!$B$24:$DA$24),"") | H44: =IFERROR(LOOKUP(2,1/('T_SelfStock'!$B$24:$DA$24<>""),'T_SelfStock'!$B$5:$DA$5),"") | I44: 実在庫 | J44: =IFERROR(INDEX('Grid_Stock'!$A20:$DA20,1,LOOKUP(2,1/('T_SelfStock'!$B$24:$DA$24<>""),COLUMN('T_SelfStock'!$B$24:$DA$24)))-INDEX('Grid_TheoreticalStock'!$A20:$DA20,1,LOOKUP(2,1/('T_SelfStock'!$B$24:$DA$24<>""),COLUMN('T_SelfStock'!$B$24:$DA$24))),0) | K44: ='Grid_Stock'!B20 | L44: ='Grid_Stock'!C20 | M44: ='Grid_Stock'!D20 | N44: ='Grid_Stock'!E20 | O44: ='Grid_Stock'!F20 | P44: ='Grid_Stock'!G20 | Q44: ='Grid_Stock'!H20 | R44: ='Grid_Stock'!I20 | ... DJ44: ='Grid_Stock'!DA20
A45: 1JN | B45: =IFERROR(INDEX(M_RawMaterials[Description],MATCH($A45,M_RawMaterials[Part Name],0)),"") | C45: =IFERROR(INDEX(M_RawMaterials[Category],MATCH($A45,M_RawMaterials[Part Name],0)),"") | D45: =IFERROR(INDEX(M_RawMaterials[基準在庫下限_要入力],MATCH($A45,M_RawMaterials[Part Name],0)),0) | E45: =IFERROR(INDEX(M_RawMaterials[基準在庫上限_要入力],MATCH($A45,M_RawMaterials[Part Name],0)),0) | F45: =IFERROR(LOOKUP(2,1/('T_SelfStock'!$B$25:$DA$25<>""),'T_SelfStock'!$B$25:$DA$25),"") | G45: =IFERROR(LOOKUP(2,1/('T_TTAFStock'!$B$25:$DA$25<>""),'T_TTAFStock'!$B$25:$DA$25),"") | H45: =IFERROR(LOOKUP(2,1/('T_SelfStock'!$B$25:$DA$25<>""),'T_SelfStock'!$B$5:$DA$5),"") | I45: 理論在庫 | J45: =IFERROR(INDEX('Grid_Stock'!$A21:$DA21,1,LOOKUP(2,1/('T_SelfStock'!$B$25:$DA$25<>""),COLUMN('T_SelfStock'!$B$25:$DA$25)))-INDEX('Grid_TheoreticalStock'!$A21:$DA21,1,LOOKUP(2,1/('T_SelfStock'!$B$25:$DA$25<>""),COLUMN('T_SelfStock'!$B$25:$DA$25))),0) | K45: ='Grid_TheoreticalStock'!B21 | L45: ='Grid_TheoreticalStock'!C21 | M45: ='Grid_TheoreticalStock'!D21 | N45: ='Grid_TheoreticalStock'!E21 | O45: ='Grid_TheoreticalStock'!F21 | P45: ='Grid_TheoreticalStock'!G21 | Q45: ='Grid_TheoreticalStock'!H21 | R45: ='Grid_TheoreticalStock'!I21 | ... DJ45: ='Grid_TheoreticalStock'!DA21
A46: 1JN | B46: =IFERROR(INDEX(M_RawMaterials[Description],MATCH($A46,M_RawMaterials[Part Name],0)),"") | C46: =IFERROR(INDEX(M_RawMaterials[Category],MATCH($A46,M_RawMaterials[Part Name],0)),"") | D46: =IFERROR(INDEX(M_RawMaterials[基準在庫下限_要入力],MATCH($A46,M_RawMaterials[Part Name],0)),0) | E46: =IFERROR(INDEX(M_RawMaterials[基準在庫上限_要入力],MATCH($A46,M_RawMaterials[Part Name],0)),0) | F46: =IFERROR(LOOKUP(2,1/('T_SelfStock'!$B$25:$DA$25<>""),'T_SelfStock'!$B$25:$DA$25),"") | G46: =IFERROR(LOOKUP(2,1/('T_TTAFStock'!$B$25:$DA$25<>""),'T_TTAFStock'!$B$25:$DA$25),"") | H46: =IFERROR(LOOKUP(2,1/('T_SelfStock'!$B$25:$DA$25<>""),'T_SelfStock'!$B$5:$DA$5),"") | I46: 実在庫 | J46: =IFERROR(INDEX('Grid_Stock'!$A21:$DA21,1,LOOKUP(2,1/('T_SelfStock'!$B$25:$DA$25<>""),COLUMN('T_SelfStock'!$B$25:$DA$25)))-INDEX('Grid_TheoreticalStock'!$A21:$DA21,1,LOOKUP(2,1/('T_SelfStock'!$B$25:$DA$25<>""),COLUMN('T_SelfStock'!$B$25:$DA$25))),0) | K46: ='Grid_Stock'!B21 | L46: ='Grid_Stock'!C21 | M46: ='Grid_Stock'!D21 | N46: ='Grid_Stock'!E21 | O46: ='Grid_Stock'!F21 | P46: ='Grid_Stock'!G21 | Q46: ='Grid_Stock'!H21 | R46: ='Grid_Stock'!I21 | ... DJ46: ='Grid_Stock'!DA21
A47: CHEM-1670 | B47: =IFERROR(INDEX(M_RawMaterials[Description],MATCH($A47,M_RawMaterials[Part Name],0)),"") | C47: =IFERROR(INDEX(M_RawMaterials[Category],MATCH($A47,M_RawMaterials[Part Name],0)),"") | D47: =IFERROR(INDEX(M_RawMaterials[基準在庫下限_要入力],MATCH($A47,M_RawMaterials[Part Name],0)),0) | E47: =IFERROR(INDEX(M_RawMaterials[基準在庫上限_要入力],MATCH($A47,M_RawMaterials[Part Name],0)),0) | F47: =IFERROR(LOOKUP(2,1/('T_SelfStock'!$B$26:$DA$26<>""),'T_SelfStock'!$B$26:$DA$26),"") | G47: =IFERROR(LOOKUP(2,1/('T_TTAFStock'!$B$26:$DA$26<>""),'T_TTAFStock'!$B$26:$DA$26),"") | H47: =IFERROR(LOOKUP(2,1/('T_SelfStock'!$B$26:$DA$26<>""),'T_SelfStock'!$B$5:$DA$5),"") | I47: 理論在庫 | J47: =IFERROR(INDEX('Grid_Stock'!$A22:$DA22,1,LOOKUP(2,1/('T_SelfStock'!$B$26:$DA$26<>""),COLUMN('T_SelfStock'!$B$26:$DA$26)))-INDEX('Grid_TheoreticalStock'!$A22:$DA22,1,LOOKUP(2,1/('T_SelfStock'!$B$26:$DA$26<>""),COLUMN('T_SelfStock'!$B$26:$DA$26))),0) | K47: ='Grid_TheoreticalStock'!B22 | L47: ='Grid_TheoreticalStock'!C22 | M47: ='Grid_TheoreticalStock'!D22 | N47: ='Grid_TheoreticalStock'!E22 | O47: ='Grid_TheoreticalStock'!F22 | P47: ='Grid_TheoreticalStock'!G22 | Q47: ='Grid_TheoreticalStock'!H22 | R47: ='Grid_TheoreticalStock'!I22 | ... DJ47: ='Grid_TheoreticalStock'!DA22
A48: CHEM-1670 | B48: =IFERROR(INDEX(M_RawMaterials[Description],MATCH($A48,M_RawMaterials[Part Name],0)),"") | C48: =IFERROR(INDEX(M_RawMaterials[Category],MATCH($A48,M_RawMaterials[Part Name],0)),"") | D48: =IFERROR(INDEX(M_RawMaterials[基準在庫下限_要入力],MATCH($A48,M_RawMaterials[Part Name],0)),0) | E48: =IFERROR(INDEX(M_RawMaterials[基準在庫上限_要入力],MATCH($A48,M_RawMaterials[Part Name],0)),0) | F48: =IFERROR(LOOKUP(2,1/('T_SelfStock'!$B$26:$DA$26<>""),'T_SelfStock'!$B$26:$DA$26),"") | G48: =IFERROR(LOOKUP(2,1/('T_TTAFStock'!$B$26:$DA$26<>""),'T_TTAFStock'!$B$26:$DA$26),"") | H48: =IFERROR(LOOKUP(2,1/('T_SelfStock'!$B$26:$DA$26<>""),'T_SelfStock'!$B$5:$DA$5),"") | I48: 実在庫 | J48: =IFERROR(INDEX('Grid_Stock'!$A22:$DA22,1,LOOKUP(2,1/('T_SelfStock'!$B$26:$DA$26<>""),COLUMN('T_SelfStock'!$B$26:$DA$26)))-INDEX('Grid_TheoreticalStock'!$A22:$DA22,1,LOOKUP(2,1/('T_SelfStock'!$B$26:$DA$26<>""),COLUMN('T_SelfStock'!$B$26:$DA$26))),0) | K48: ='Grid_Stock'!B22 | L48: ='Grid_Stock'!C22 | M48: ='Grid_Stock'!D22 | N48: ='Grid_Stock'!E22 | O48: ='Grid_Stock'!F22 | P48: ='Grid_Stock'!G22 | Q48: ='Grid_Stock'!H22 | R48: ='Grid_Stock'!I22 | ... DJ48: ='Grid_Stock'!DA22
A49: CHEM-1110 | B49: =IFERROR(INDEX(M_RawMaterials[Description],MATCH($A49,M_RawMaterials[Part Name],0)),"") | C49: =IFERROR(INDEX(M_RawMaterials[Category],MATCH($A49,M_RawMaterials[Part Name],0)),"") | D49: =IFERROR(INDEX(M_RawMaterials[基準在庫下限_要入力],MATCH($A49,M_RawMaterials[Part Name],0)),0) | E49: =IFERROR(INDEX(M_RawMaterials[基準在庫上限_要入力],MATCH($A49,M_RawMaterials[Part Name],0)),0) | F49: =IFERROR(LOOKUP(2,1/('T_SelfStock'!$B$27:$DA$27<>""),'T_SelfStock'!$B$27:$DA$27),"") | G49: =IFERROR(LOOKUP(2,1/('T_TTAFStock'!$B$27:$DA$27<>""),'T_TTAFStock'!$B$27:$DA$27),"") | H49: =IFERROR(LOOKUP(2,1/('T_SelfStock'!$B$27:$DA$27<>""),'T_SelfStock'!$B$5:$DA$5),"") | I49: 理論在庫 | J49: =IFERROR(INDEX('Grid_Stock'!$A23:$DA23,1,LOOKUP(2,1/('T_SelfStock'!$B$27:$DA$27<>""),COLUMN('T_SelfStock'!$B$27:$DA$27)))-INDEX('Grid_TheoreticalStock'!$A23:$DA23,1,LOOKUP(2,1/('T_SelfStock'!$B$27:$DA$27<>""),COLUMN('T_SelfStock'!$B$27:$DA$27))),0) | K49: ='Grid_TheoreticalStock'!B23 | L49: ='Grid_TheoreticalStock'!C23 | M49: ='Grid_TheoreticalStock'!D23 | N49: ='Grid_TheoreticalStock'!E23 | O49: ='Grid_TheoreticalStock'!F23 | P49: ='Grid_TheoreticalStock'!G23 | Q49: ='Grid_TheoreticalStock'!H23 | R49: ='Grid_TheoreticalStock'!I23 | ... DJ49: ='Grid_TheoreticalStock'!DA23
A50: CHEM-1110 | B50: =IFERROR(INDEX(M_RawMaterials[Description],MATCH($A50,M_RawMaterials[Part Name],0)),"") | C50: =IFERROR(INDEX(M_RawMaterials[Category],MATCH($A50,M_RawMaterials[Part Name],0)),"") | D50: =IFERROR(INDEX(M_RawMaterials[基準在庫下限_要入力],MATCH($A50,M_RawMaterials[Part Name],0)),0) | E50: =IFERROR(INDEX(M_RawMaterials[基準在庫上限_要入力],MATCH($A50,M_RawMaterials[Part Name],0)),0) | F50: =IFERROR(LOOKUP(2,1/('T_SelfStock'!$B$27:$DA$27<>""),'T_SelfStock'!$B$27:$DA$27),"") | G50: =IFERROR(LOOKUP(2,1/('T_TTAFStock'!$B$27:$DA$27<>""),'T_TTAFStock'!$B$27:$DA$27),"") | H50: =IFERROR(LOOKUP(2,1/('T_SelfStock'!$B$27:$DA$27<>""),'T_SelfStock'!$B$5:$DA$5),"") | I50: 実在庫 | J50: =IFERROR(INDEX('Grid_Stock'!$A23:$DA23,1,LOOKUP(2,1/('T_SelfStock'!$B$27:$DA$27<>""),COLUMN('T_SelfStock'!$B$27:$DA$27)))-INDEX('Grid_TheoreticalStock'!$A23:$DA23,1,LOOKUP(2,1/('T_SelfStock'!$B$27:$DA$27<>""),COLUMN('T_SelfStock'!$B$27:$DA$27))),0) | K50: ='Grid_Stock'!B23 | L50: ='Grid_Stock'!C23 | M50: ='Grid_Stock'!D23 | N50: ='Grid_Stock'!E23 | O50: ='Grid_Stock'!F23 | P50: ='Grid_Stock'!G23 | Q50: ='Grid_Stock'!H23 | R50: ='Grid_Stock'!I23 | ... DJ50: ='Grid_Stock'!DA23
A51: CHEM-1240 | B51: =IFERROR(INDEX(M_RawMaterials[Description],MATCH($A51,M_RawMaterials[Part Name],0)),"") | C51: =IFERROR(INDEX(M_RawMaterials[Category],MATCH($A51,M_RawMaterials[Part Name],0)),"") | D51: =IFERROR(INDEX(M_RawMaterials[基準在庫下限_要入力],MATCH($A51,M_RawMaterials[Part Name],0)),0) | E51: =IFERROR(INDEX(M_RawMaterials[基準在庫上限_要入力],MATCH($A51,M_RawMaterials[Part Name],0)),0) | F51: =IFERROR(LOOKUP(2,1/('T_SelfStock'!$B$28:$DA$28<>""),'T_SelfStock'!$B$28:$DA$28),"") | G51: =IFERROR(LOOKUP(2,1/('T_TTAFStock'!$B$28:$DA$28<>""),'T_TTAFStock'!$B$28:$DA$28),"") | H51: =IFERROR(LOOKUP(2,1/('T_SelfStock'!$B$28:$DA$28<>""),'T_SelfStock'!$B$5:$DA$5),"") | I51: 理論在庫 | J51: =IFERROR(INDEX('Grid_Stock'!$A24:$DA24,1,LOOKUP(2,1/('T_SelfStock'!$B$28:$DA$28<>""),COLUMN('T_SelfStock'!$B$28:$DA$28)))-INDEX('Grid_TheoreticalStock'!$A24:$DA24,1,LOOKUP(2,1/('T_SelfStock'!$B$28:$DA$28<>""),COLUMN('T_SelfStock'!$B$28:$DA$28))),0) | K51: ='Grid_TheoreticalStock'!B24 | L51: ='Grid_TheoreticalStock'!C24 | M51: ='Grid_TheoreticalStock'!D24 | N51: ='Grid_TheoreticalStock'!E24 | O51: ='Grid_TheoreticalStock'!F24 | P51: ='Grid_TheoreticalStock'!G24 | Q51: ='Grid_TheoreticalStock'!H24 | R51: ='Grid_TheoreticalStock'!I24 | ... DJ51: ='Grid_TheoreticalStock'!DA24
A52: CHEM-1240 | B52: =IFERROR(INDEX(M_RawMaterials[Description],MATCH($A52,M_RawMaterials[Part Name],0)),"") | C52: =IFERROR(INDEX(M_RawMaterials[Category],MATCH($A52,M_RawMaterials[Part Name],0)),"") | D52: =IFERROR(INDEX(M_RawMaterials[基準在庫下限_要入力],MATCH($A52,M_RawMaterials[Part Name],0)),0) | E52: =IFERROR(INDEX(M_RawMaterials[基準在庫上限_要入力],MATCH($A52,M_RawMaterials[Part Name],0)),0) | F52: =IFERROR(LOOKUP(2,1/('T_SelfStock'!$B$28:$DA$28<>""),'T_SelfStock'!$B$28:$DA$28),"") | G52: =IFERROR(LOOKUP(2,1/('T_TTAFStock'!$B$28:$DA$28<>""),'T_TTAFStock'!$B$28:$DA$28),"") | H52: =IFERROR(LOOKUP(2,1/('T_SelfStock'!$B$28:$DA$28<>""),'T_SelfStock'!$B$5:$DA$5),"") | I52: 実在庫 | J52: =IFERROR(INDEX('Grid_Stock'!$A24:$DA24,1,LOOKUP(2,1/('T_SelfStock'!$B$28:$DA$28<>""),COLUMN('T_SelfStock'!$B$28:$DA$28)))-INDEX('Grid_TheoreticalStock'!$A24:$DA24,1,LOOKUP(2,1/('T_SelfStock'!$B$28:$DA$28<>""),COLUMN('T_SelfStock'!$B$28:$DA$28))),0) | K52: ='Grid_Stock'!B24 | L52: ='Grid_Stock'!C24 | M52: ='Grid_Stock'!D24 | N52: ='Grid_Stock'!E24 | O52: ='Grid_Stock'!F24 | P52: ='Grid_Stock'!G24 | Q52: ='Grid_Stock'!H24 | R52: ='Grid_Stock'!I24 | ... DJ52: ='Grid_Stock'!DA24
A53: CHEM-1510 | B53: =IFERROR(INDEX(M_RawMaterials[Description],MATCH($A53,M_RawMaterials[Part Name],0)),"") | C53: =IFERROR(INDEX(M_RawMaterials[Category],MATCH($A53,M_RawMaterials[Part Name],0)),"") | D53: =IFERROR(INDEX(M_RawMaterials[基準在庫下限_要入力],MATCH($A53,M_RawMaterials[Part Name],0)),0) | E53: =IFERROR(INDEX(M_RawMaterials[基準在庫上限_要入力],MATCH($A53,M_RawMaterials[Part Name],0)),0) | F53: =IFERROR(LOOKUP(2,1/('T_SelfStock'!$B$29:$DA$29<>""),'T_SelfStock'!$B$29:$DA$29),"") | G53: =IFERROR(LOOKUP(2,1/('T_TTAFStock'!$B$29:$DA$29<>""),'T_TTAFStock'!$B$29:$DA$29),"") | H53: =IFERROR(LOOKUP(2,1/('T_SelfStock'!$B$29:$DA$29<>""),'T_SelfStock'!$B$5:$DA$5),"") | I53: 理論在庫 | J53: =IFERROR(INDEX('Grid_Stock'!$A25:$DA25,1,LOOKUP(2,1/('T_SelfStock'!$B$29:$DA$29<>""),COLUMN('T_SelfStock'!$B$29:$DA$29)))-INDEX('Grid_TheoreticalStock'!$A25:$DA25,1,LOOKUP(2,1/('T_SelfStock'!$B$29:$DA$29<>""),COLUMN('T_SelfStock'!$B$29:$DA$29))),0) | K53: ='Grid_TheoreticalStock'!B25 | L53: ='Grid_TheoreticalStock'!C25 | M53: ='Grid_TheoreticalStock'!D25 | N53: ='Grid_TheoreticalStock'!E25 | O53: ='Grid_TheoreticalStock'!F25 | P53: ='Grid_TheoreticalStock'!G25 | Q53: ='Grid_TheoreticalStock'!H25 | R53: ='Grid_TheoreticalStock'!I25 | ... DJ53: ='Grid_TheoreticalStock'!DA25
A54: CHEM-1510 | B54: =IFERROR(INDEX(M_RawMaterials[Description],MATCH($A54,M_RawMaterials[Part Name],0)),"") | C54: =IFERROR(INDEX(M_RawMaterials[Category],MATCH($A54,M_RawMaterials[Part Name],0)),"") | D54: =IFERROR(INDEX(M_RawMaterials[基準在庫下限_要入力],MATCH($A54,M_RawMaterials[Part Name],0)),0) | E54: =IFERROR(INDEX(M_RawMaterials[基準在庫上限_要入力],MATCH($A54,M_RawMaterials[Part Name],0)),0) | F54: =IFERROR(LOOKUP(2,1/('T_SelfStock'!$B$29:$DA$29<>""),'T_SelfStock'!$B$29:$DA$29),"") | G54: =IFERROR(LOOKUP(2,1/('T_TTAFStock'!$B$29:$DA$29<>""),'T_TTAFStock'!$B$29:$DA$29),"") | H54: =IFERROR(LOOKUP(2,1/('T_SelfStock'!$B$29:$DA$29<>""),'T_SelfStock'!$B$5:$DA$5),"") | I54: 実在庫 | J54: =IFERROR(INDEX('Grid_Stock'!$A25:$DA25,1,LOOKUP(2,1/('T_SelfStock'!$B$29:$DA$29<>""),COLUMN('T_SelfStock'!$B$29:$DA$29)))-INDEX('Grid_TheoreticalStock'!$A25:$DA25,1,LOOKUP(2,1/('T_SelfStock'!$B$29:$DA$29<>""),COLUMN('T_SelfStock'!$B$29:$DA$29))),0) | K54: ='Grid_Stock'!B25 | L54: ='Grid_Stock'!C25 | M54: ='Grid_Stock'!D25 | N54: ='Grid_Stock'!E25 | O54: ='Grid_Stock'!F25 | P54: ='Grid_Stock'!G25 | Q54: ='Grid_Stock'!H25 | R54: ='Grid_Stock'!I25 | ... DJ54: ='Grid_Stock'!DA25
A55: CHEM-1580 | B55: =IFERROR(INDEX(M_RawMaterials[Description],MATCH($A55,M_RawMaterials[Part Name],0)),"") | C55: =IFERROR(INDEX(M_RawMaterials[Category],MATCH($A55,M_RawMaterials[Part Name],0)),"") | D55: =IFERROR(INDEX(M_RawMaterials[基準在庫下限_要入力],MATCH($A55,M_RawMaterials[Part Name],0)),0) | E55: =IFERROR(INDEX(M_RawMaterials[基準在庫上限_要入力],MATCH($A55,M_RawMaterials[Part Name],0)),0) | F55: =IFERROR(LOOKUP(2,1/('T_SelfStock'!$B$30:$DA$30<>""),'T_SelfStock'!$B$30:$DA$30),"") | G55: =IFERROR(LOOKUP(2,1/('T_TTAFStock'!$B$30:$DA$30<>""),'T_TTAFStock'!$B$30:$DA$30),"") | H55: =IFERROR(LOOKUP(2,1/('T_SelfStock'!$B$30:$DA$30<>""),'T_SelfStock'!$B$5:$DA$5),"") | I55: 理論在庫 | J55: =IFERROR(INDEX('Grid_Stock'!$A26:$DA26,1,LOOKUP(2,1/('T_SelfStock'!$B$30:$DA$30<>""),COLUMN('T_SelfStock'!$B$30:$DA$30)))-INDEX('Grid_TheoreticalStock'!$A26:$DA26,1,LOOKUP(2,1/('T_SelfStock'!$B$30:$DA$30<>""),COLUMN('T_SelfStock'!$B$30:$DA$30))),0) | K55: ='Grid_TheoreticalStock'!B26 | L55: ='Grid_TheoreticalStock'!C26 | M55: ='Grid_TheoreticalStock'!D26 | N55: ='Grid_TheoreticalStock'!E26 | O55: ='Grid_TheoreticalStock'!F26 | P55: ='Grid_TheoreticalStock'!G26 | Q55: ='Grid_TheoreticalStock'!H26 | R55: ='Grid_TheoreticalStock'!I26 | ... DJ55: ='Grid_TheoreticalStock'!DA26
A56: CHEM-1580 | B56: =IFERROR(INDEX(M_RawMaterials[Description],MATCH($A56,M_RawMaterials[Part Name],0)),"") | C56: =IFERROR(INDEX(M_RawMaterials[Category],MATCH($A56,M_RawMaterials[Part Name],0)),"") | D56: =IFERROR(INDEX(M_RawMaterials[基準在庫下限_要入力],MATCH($A56,M_RawMaterials[Part Name],0)),0) | E56: =IFERROR(INDEX(M_RawMaterials[基準在庫上限_要入力],MATCH($A56,M_RawMaterials[Part Name],0)),0) | F56: =IFERROR(LOOKUP(2,1/('T_SelfStock'!$B$30:$DA$30<>""),'T_SelfStock'!$B$30:$DA$30),"") | G56: =IFERROR(LOOKUP(2,1/('T_TTAFStock'!$B$30:$DA$30<>""),'T_TTAFStock'!$B$30:$DA$30),"") | H56: =IFERROR(LOOKUP(2,1/('T_SelfStock'!$B$30:$DA$30<>""),'T_SelfStock'!$B$5:$DA$5),"") | I56: 実在庫 | J56: =IFERROR(INDEX('Grid_Stock'!$A26:$DA26,1,LOOKUP(2,1/('T_SelfStock'!$B$30:$DA$30<>""),COLUMN('T_SelfStock'!$B$30:$DA$30)))-INDEX('Grid_TheoreticalStock'!$A26:$DA26,1,LOOKUP(2,1/('T_SelfStock'!$B$30:$DA$30<>""),COLUMN('T_SelfStock'!$B$30:$DA$30))),0) | K56: ='Grid_Stock'!B26 | L56: ='Grid_Stock'!C26 | M56: ='Grid_Stock'!D26 | N56: ='Grid_Stock'!E26 | O56: ='Grid_Stock'!F26 | P56: ='Grid_Stock'!G26 | Q56: ='Grid_Stock'!H26 | R56: ='Grid_Stock'!I26 | ... DJ56: ='Grid_Stock'!DA26
A57: CHEM-1250 | B57: =IFERROR(INDEX(M_RawMaterials[Description],MATCH($A57,M_RawMaterials[Part Name],0)),"") | C57: =IFERROR(INDEX(M_RawMaterials[Category],MATCH($A57,M_RawMaterials[Part Name],0)),"") | D57: =IFERROR(INDEX(M_RawMaterials[基準在庫下限_要入力],MATCH($A57,M_RawMaterials[Part Name],0)),0) | E57: =IFERROR(INDEX(M_RawMaterials[基準在庫上限_要入力],MATCH($A57,M_RawMaterials[Part Name],0)),0) | F57: =IFERROR(LOOKUP(2,1/('T_SelfStock'!$B$31:$DA$31<>""),'T_SelfStock'!$B$31:$DA$31),"") | G57: =IFERROR(LOOKUP(2,1/('T_TTAFStock'!$B$31:$DA$31<>""),'T_TTAFStock'!$B$31:$DA$31),"") | H57: =IFERROR(LOOKUP(2,1/('T_SelfStock'!$B$31:$DA$31<>""),'T_SelfStock'!$B$5:$DA$5),"") | I57: 理論在庫 | J57: =IFERROR(INDEX('Grid_Stock'!$A27:$DA27,1,LOOKUP(2,1/('T_SelfStock'!$B$31:$DA$31<>""),COLUMN('T_SelfStock'!$B$31:$DA$31)))-INDEX('Grid_TheoreticalStock'!$A27:$DA27,1,LOOKUP(2,1/('T_SelfStock'!$B$31:$DA$31<>""),COLUMN('T_SelfStock'!$B$31:$DA$31))),0) | K57: ='Grid_TheoreticalStock'!B27 | L57: ='Grid_TheoreticalStock'!C27 | M57: ='Grid_TheoreticalStock'!D27 | N57: ='Grid_TheoreticalStock'!E27 | O57: ='Grid_TheoreticalStock'!F27 | P57: ='Grid_TheoreticalStock'!G27 | Q57: ='Grid_TheoreticalStock'!H27 | R57: ='Grid_TheoreticalStock'!I27 | ... DJ57: ='Grid_TheoreticalStock'!DA27
A58: CHEM-1250 | B58: =IFERROR(INDEX(M_RawMaterials[Description],MATCH($A58,M_RawMaterials[Part Name],0)),"") | C58: =IFERROR(INDEX(M_RawMaterials[Category],MATCH($A58,M_RawMaterials[Part Name],0)),"") | D58: =IFERROR(INDEX(M_RawMaterials[基準在庫下限_要入力],MATCH($A58,M_RawMaterials[Part Name],0)),0) | E58: =IFERROR(INDEX(M_RawMaterials[基準在庫上限_要入力],MATCH($A58,M_RawMaterials[Part Name],0)),0) | F58: =IFERROR(LOOKUP(2,1/('T_SelfStock'!$B$31:$DA$31<>""),'T_SelfStock'!$B$31:$DA$31),"") | G58: =IFERROR(LOOKUP(2,1/('T_TTAFStock'!$B$31:$DA$31<>""),'T_TTAFStock'!$B$31:$DA$31),"") | H58: =IFERROR(LOOKUP(2,1/('T_SelfStock'!$B$31:$DA$31<>""),'T_SelfStock'!$B$5:$DA$5),"") | I58: 実在庫 | J58: =IFERROR(INDEX('Grid_Stock'!$A27:$DA27,1,LOOKUP(2,1/('T_SelfStock'!$B$31:$DA$31<>""),COLUMN('T_SelfStock'!$B$31:$DA$31)))-INDEX('Grid_TheoreticalStock'!$A27:$DA27,1,LOOKUP(2,1/('T_SelfStock'!$B$31:$DA$31<>""),COLUMN('T_SelfStock'!$B$31:$DA$31))),0) | K58: ='Grid_Stock'!B27 | L58: ='Grid_Stock'!C27 | M58: ='Grid_Stock'!D27 | N58: ='Grid_Stock'!E27 | O58: ='Grid_Stock'!F27 | P58: ='Grid_Stock'!G27 | Q58: ='Grid_Stock'!H27 | R58: ='Grid_Stock'!I27 | ... DJ58: ='Grid_Stock'!DA27
A59: CHEM-1600 | B59: =IFERROR(INDEX(M_RawMaterials[Description],MATCH($A59,M_RawMaterials[Part Name],0)),"") | C59: =IFERROR(INDEX(M_RawMaterials[Category],MATCH($A59,M_RawMaterials[Part Name],0)),"") | D59: =IFERROR(INDEX(M_RawMaterials[基準在庫下限_要入力],MATCH($A59,M_RawMaterials[Part Name],0)),0) | E59: =IFERROR(INDEX(M_RawMaterials[基準在庫上限_要入力],MATCH($A59,M_RawMaterials[Part Name],0)),0) | F59: =IFERROR(LOOKUP(2,1/('T_SelfStock'!$B$32:$DA$32<>""),'T_SelfStock'!$B$32:$DA$32),"") | G59: =IFERROR(LOOKUP(2,1/('T_TTAFStock'!$B$32:$DA$32<>""),'T_TTAFStock'!$B$32:$DA$32),"") | H59: =IFERROR(LOOKUP(2,1/('T_SelfStock'!$B$32:$DA$32<>""),'T_SelfStock'!$B$5:$DA$5),"") | I59: 理論在庫 | J59: =IFERROR(INDEX('Grid_Stock'!$A28:$DA28,1,LOOKUP(2,1/('T_SelfStock'!$B$32:$DA$32<>""),COLUMN('T_SelfStock'!$B$32:$DA$32)))-INDEX('Grid_TheoreticalStock'!$A28:$DA28,1,LOOKUP(2,1/('T_SelfStock'!$B$32:$DA$32<>""),COLUMN('T_SelfStock'!$B$32:$DA$32))),0) | K59: ='Grid_TheoreticalStock'!B28 | L59: ='Grid_TheoreticalStock'!C28 | M59: ='Grid_TheoreticalStock'!D28 | N59: ='Grid_TheoreticalStock'!E28 | O59: ='Grid_TheoreticalStock'!F28 | P59: ='Grid_TheoreticalStock'!G28 | Q59: ='Grid_TheoreticalStock'!H28 | R59: ='Grid_TheoreticalStock'!I28 | ... DJ59: ='Grid_TheoreticalStock'!DA28
A60: CHEM-1600 | B60: =IFERROR(INDEX(M_RawMaterials[Description],MATCH($A60,M_RawMaterials[Part Name],0)),"") | C60: =IFERROR(INDEX(M_RawMaterials[Category],MATCH($A60,M_RawMaterials[Part Name],0)),"") | D60: =IFERROR(INDEX(M_RawMaterials[基準在庫下限_要入力],MATCH($A60,M_RawMaterials[Part Name],0)),0) | E60: =IFERROR(INDEX(M_RawMaterials[基準在庫上限_要入力],MATCH($A60,M_RawMaterials[Part Name],0)),0) | F60: =IFERROR(LOOKUP(2,1/('T_SelfStock'!$B$32:$DA$32<>""),'T_SelfStock'!$B$32:$DA$32),"") | G60: =IFERROR(LOOKUP(2,1/('T_TTAFStock'!$B$32:$DA$32<>""),'T_TTAFStock'!$B$32:$DA$32),"") | H60: =IFERROR(LOOKUP(2,1/('T_SelfStock'!$B$32:$DA$32<>""),'T_SelfStock'!$B$5:$DA$5),"") | I60: 実在庫 | J60: =IFERROR(INDEX('Grid_Stock'!$A28:$DA28,1,LOOKUP(2,1/('T_SelfStock'!$B$32:$DA$32<>""),COLUMN('T_SelfStock'!$B$32:$DA$32)))-INDEX('Grid_TheoreticalStock'!$A28:$DA28,1,LOOKUP(2,1/('T_SelfStock'!$B$32:$DA$32<>""),COLUMN('T_SelfStock'!$B$32:$DA$32))),0) | K60: ='Grid_Stock'!B28 | L60: ='Grid_Stock'!C28 | M60: ='Grid_Stock'!D28 | N60: ='Grid_Stock'!E28 | O60: ='Grid_Stock'!F28 | P60: ='Grid_Stock'!G28 | Q60: ='Grid_Stock'!H28 | R60: ='Grid_Stock'!I28 | ... DJ60: ='Grid_Stock'!DA28
A61: CHEM-1120 | B61: =IFERROR(INDEX(M_RawMaterials[Description],MATCH($A61,M_RawMaterials[Part Name],0)),"") | C61: =IFERROR(INDEX(M_RawMaterials[Category],MATCH($A61,M_RawMaterials[Part Name],0)),"") | D61: =IFERROR(INDEX(M_RawMaterials[基準在庫下限_要入力],MATCH($A61,M_RawMaterials[Part Name],0)),0) | E61: =IFERROR(INDEX(M_RawMaterials[基準在庫上限_要入力],MATCH($A61,M_RawMaterials[Part Name],0)),0) | F61: =IFERROR(LOOKUP(2,1/('T_SelfStock'!$B$33:$DA$33<>""),'T_SelfStock'!$B$33:$DA$33),"") | G61: =IFERROR(LOOKUP(2,1/('T_TTAFStock'!$B$33:$DA$33<>""),'T_TTAFStock'!$B$33:$DA$33),"") | H61: =IFERROR(LOOKUP(2,1/('T_SelfStock'!$B$33:$DA$33<>""),'T_SelfStock'!$B$5:$DA$5),"") | I61: 理論在庫 | J61: =IFERROR(INDEX('Grid_Stock'!$A29:$DA29,1,LOOKUP(2,1/('T_SelfStock'!$B$33:$DA$33<>""),COLUMN('T_SelfStock'!$B$33:$DA$33)))-INDEX('Grid_TheoreticalStock'!$A29:$DA29,1,LOOKUP(2,1/('T_SelfStock'!$B$33:$DA$33<>""),COLUMN('T_SelfStock'!$B$33:$DA$33))),0) | K61: ='Grid_TheoreticalStock'!B29 | L61: ='Grid_TheoreticalStock'!C29 | M61: ='Grid_TheoreticalStock'!D29 | N61: ='Grid_TheoreticalStock'!E29 | O61: ='Grid_TheoreticalStock'!F29 | P61: ='Grid_TheoreticalStock'!G29 | Q61: ='Grid_TheoreticalStock'!H29 | R61: ='Grid_TheoreticalStock'!I29 | ... DJ61: ='Grid_TheoreticalStock'!DA29
A62: CHEM-1120 | B62: =IFERROR(INDEX(M_RawMaterials[Description],MATCH($A62,M_RawMaterials[Part Name],0)),"") | C62: =IFERROR(INDEX(M_RawMaterials[Category],MATCH($A62,M_RawMaterials[Part Name],0)),"") | D62: =IFERROR(INDEX(M_RawMaterials[基準在庫下限_要入力],MATCH($A62,M_RawMaterials[Part Name],0)),0) | E62: =IFERROR(INDEX(M_RawMaterials[基準在庫上限_要入力],MATCH($A62,M_RawMaterials[Part Name],0)),0) | F62: =IFERROR(LOOKUP(2,1/('T_SelfStock'!$B$33:$DA$33<>""),'T_SelfStock'!$B$33:$DA$33),"") | G62: =IFERROR(LOOKUP(2,1/('T_TTAFStock'!$B$33:$DA$33<>""),'T_TTAFStock'!$B$33:$DA$33),"") | H62: =IFERROR(LOOKUP(2,1/('T_SelfStock'!$B$33:$DA$33<>""),'T_SelfStock'!$B$5:$DA$5),"") | I62: 実在庫 | J62: =IFERROR(INDEX('Grid_Stock'!$A29:$DA29,1,LOOKUP(2,1/('T_SelfStock'!$B$33:$DA$33<>""),COLUMN('T_SelfStock'!$B$33:$DA$33)))-INDEX('Grid_TheoreticalStock'!$A29:$DA29,1,LOOKUP(2,1/('T_SelfStock'!$B$33:$DA$33<>""),COLUMN('T_SelfStock'!$B$33:$DA$33))),0) | K62: ='Grid_Stock'!B29 | L62: ='Grid_Stock'!C29 | M62: ='Grid_Stock'!D29 | N62: ='Grid_Stock'!E29 | O62: ='Grid_Stock'!F29 | P62: ='Grid_Stock'!G29 | Q62: ='Grid_Stock'!H29 | R62: ='Grid_Stock'!I29 | ... DJ62: ='Grid_Stock'!DA29
A63: CHEM-1550 | B63: =IFERROR(INDEX(M_RawMaterials[Description],MATCH($A63,M_RawMaterials[Part Name],0)),"") | C63: =IFERROR(INDEX(M_RawMaterials[Category],MATCH($A63,M_RawMaterials[Part Name],0)),"") | D63: =IFERROR(INDEX(M_RawMaterials[基準在庫下限_要入力],MATCH($A63,M_RawMaterials[Part Name],0)),0) | E63: =IFERROR(INDEX(M_RawMaterials[基準在庫上限_要入力],MATCH($A63,M_RawMaterials[Part Name],0)),0) | F63: =IFERROR(LOOKUP(2,1/('T_SelfStock'!$B$34:$DA$34<>""),'T_SelfStock'!$B$34:$DA$34),"") | G63: =IFERROR(LOOKUP(2,1/('T_TTAFStock'!$B$34:$DA$34<>""),'T_TTAFStock'!$B$34:$DA$34),"") | H63: =IFERROR(LOOKUP(2,1/('T_SelfStock'!$B$34:$DA$34<>""),'T_SelfStock'!$B$5:$DA$5),"") | I63: 理論在庫 | J63: =IFERROR(INDEX('Grid_Stock'!$A30:$DA30,1,LOOKUP(2,1/('T_SelfStock'!$B$34:$DA$34<>""),COLUMN('T_SelfStock'!$B$34:$DA$34)))-INDEX('Grid_TheoreticalStock'!$A30:$DA30,1,LOOKUP(2,1/('T_SelfStock'!$B$34:$DA$34<>""),COLUMN('T_SelfStock'!$B$34:$DA$34))),0) | K63: ='Grid_TheoreticalStock'!B30 | L63: ='Grid_TheoreticalStock'!C30 | M63: ='Grid_TheoreticalStock'!D30 | N63: ='Grid_TheoreticalStock'!E30 | O63: ='Grid_TheoreticalStock'!F30 | P63: ='Grid_TheoreticalStock'!G30 | Q63: ='Grid_TheoreticalStock'!H30 | R63: ='Grid_TheoreticalStock'!I30 | ... DJ63: ='Grid_TheoreticalStock'!DA30
A64: CHEM-1550 | B64: =IFERROR(INDEX(M_RawMaterials[Description],MATCH($A64,M_RawMaterials[Part Name],0)),"") | C64: =IFERROR(INDEX(M_RawMaterials[Category],MATCH($A64,M_RawMaterials[Part Name],0)),"") | D64: =IFERROR(INDEX(M_RawMaterials[基準在庫下限_要入力],MATCH($A64,M_RawMaterials[Part Name],0)),0) | E64: =IFERROR(INDEX(M_RawMaterials[基準在庫上限_要入力],MATCH($A64,M_RawMaterials[Part Name],0)),0) | F64: =IFERROR(LOOKUP(2,1/('T_SelfStock'!$B$34:$DA$34<>""),'T_SelfStock'!$B$34:$DA$34),"") | G64: =IFERROR(LOOKUP(2,1/('T_TTAFStock'!$B$34:$DA$34<>""),'T_TTAFStock'!$B$34:$DA$34),"") | H64: =IFERROR(LOOKUP(2,1/('T_SelfStock'!$B$34:$DA$34<>""),'T_SelfStock'!$B$5:$DA$5),"") | I64: 実在庫 | J64: =IFERROR(INDEX('Grid_Stock'!$A30:$DA30,1,LOOKUP(2,1/('T_SelfStock'!$B$34:$DA$34<>""),COLUMN('T_SelfStock'!$B$34:$DA$34)))-INDEX('Grid_TheoreticalStock'!$A30:$DA30,1,LOOKUP(2,1/('T_SelfStock'!$B$34:$DA$34<>""),COLUMN('T_SelfStock'!$B$34:$DA$34))),0) | K64: ='Grid_Stock'!B30 | L64: ='Grid_Stock'!C30 | M64: ='Grid_Stock'!D30 | N64: ='Grid_Stock'!E30 | O64: ='Grid_Stock'!F30 | P64: ='Grid_Stock'!G30 | Q64: ='Grid_Stock'!H30 | R64: ='Grid_Stock'!I30 | ... DJ64: ='Grid_Stock'!DA30
A65: CHEM-1440 | B65: =IFERROR(INDEX(M_RawMaterials[Description],MATCH($A65,M_RawMaterials[Part Name],0)),"") | C65: =IFERROR(INDEX(M_RawMaterials[Category],MATCH($A65,M_RawMaterials[Part Name],0)),"") | D65: =IFERROR(INDEX(M_RawMaterials[基準在庫下限_要入力],MATCH($A65,M_RawMaterials[Part Name],0)),0) | E65: =IFERROR(INDEX(M_RawMaterials[基準在庫上限_要入力],MATCH($A65,M_RawMaterials[Part Name],0)),0) | F65: =IFERROR(LOOKUP(2,1/('T_SelfStock'!$B$35:$DA$35<>""),'T_SelfStock'!$B$35:$DA$35),"") | G65: =IFERROR(LOOKUP(2,1/('T_TTAFStock'!$B$35:$DA$35<>""),'T_TTAFStock'!$B$35:$DA$35),"") | H65: =IFERROR(LOOKUP(2,1/('T_SelfStock'!$B$35:$DA$35<>""),'T_SelfStock'!$B$5:$DA$5),"") | I65: 理論在庫 | J65: =IFERROR(INDEX('Grid_Stock'!$A31:$DA31,1,LOOKUP(2,1/('T_SelfStock'!$B$35:$DA$35<>""),COLUMN('T_SelfStock'!$B$35:$DA$35)))-INDEX('Grid_TheoreticalStock'!$A31:$DA31,1,LOOKUP(2,1/('T_SelfStock'!$B$35:$DA$35<>""),COLUMN('T_SelfStock'!$B$35:$DA$35))),0) | K65: ='Grid_TheoreticalStock'!B31 | L65: ='Grid_TheoreticalStock'!C31 | M65: ='Grid_TheoreticalStock'!D31 | N65: ='Grid_TheoreticalStock'!E31 | O65: ='Grid_TheoreticalStock'!F31 | P65: ='Grid_TheoreticalStock'!G31 | Q65: ='Grid_TheoreticalStock'!H31 | R65: ='Grid_TheoreticalStock'!I31 | ... DJ65: ='Grid_TheoreticalStock'!DA31
A66: CHEM-1440 | B66: =IFERROR(INDEX(M_RawMaterials[Description],MATCH($A66,M_RawMaterials[Part Name],0)),"") | C66: =IFERROR(INDEX(M_RawMaterials[Category],MATCH($A66,M_RawMaterials[Part Name],0)),"") | D66: =IFERROR(INDEX(M_RawMaterials[基準在庫下限_要入力],MATCH($A66,M_RawMaterials[Part Name],0)),0) | E66: =IFERROR(INDEX(M_RawMaterials[基準在庫上限_要入力],MATCH($A66,M_RawMaterials[Part Name],0)),0) | F66: =IFERROR(LOOKUP(2,1/('T_SelfStock'!$B$35:$DA$35<>""),'T_SelfStock'!$B$35:$DA$35),"") | G66: =IFERROR(LOOKUP(2,1/('T_TTAFStock'!$B$35:$DA$35<>""),'T_TTAFStock'!$B$35:$DA$35),"") | H66: =IFERROR(LOOKUP(2,1/('T_SelfStock'!$B$35:$DA$35<>""),'T_SelfStock'!$B$5:$DA$5),"") | I66: 実在庫 | J66: =IFERROR(INDEX('Grid_Stock'!$A31:$DA31,1,LOOKUP(2,1/('T_SelfStock'!$B$35:$DA$35<>""),COLUMN('T_SelfStock'!$B$35:$DA$35)))-INDEX('Grid_TheoreticalStock'!$A31:$DA31,1,LOOKUP(2,1/('T_SelfStock'!$B$35:$DA$35<>""),COLUMN('T_SelfStock'!$B$35:$DA$35))),0) | K66: ='Grid_Stock'!B31 | L66: ='Grid_Stock'!C31 | M66: ='Grid_Stock'!D31 | N66: ='Grid_Stock'!E31 | O66: ='Grid_Stock'!F31 | P66: ='Grid_Stock'!G31 | Q66: ='Grid_Stock'!H31 | R66: ='Grid_Stock'!I31 | ... DJ66: ='Grid_Stock'!DA31
A67: CHEM-1780 | B67: =IFERROR(INDEX(M_RawMaterials[Description],MATCH($A67,M_RawMaterials[Part Name],0)),"") | C67: =IFERROR(INDEX(M_RawMaterials[Category],MATCH($A67,M_RawMaterials[Part Name],0)),"") | D67: =IFERROR(INDEX(M_RawMaterials[基準在庫下限_要入力],MATCH($A67,M_RawMaterials[Part Name],0)),0) | E67: =IFERROR(INDEX(M_RawMaterials[基準在庫上限_要入力],MATCH($A67,M_RawMaterials[Part Name],0)),0) | F67: =IFERROR(LOOKUP(2,1/('T_SelfStock'!$B$36:$DA$36<>""),'T_SelfStock'!$B$36:$DA$36),"") | G67: =IFERROR(LOOKUP(2,1/('T_TTAFStock'!$B$36:$DA$36<>""),'T_TTAFStock'!$B$36:$DA$36),"") | H67: =IFERROR(LOOKUP(2,1/('T_SelfStock'!$B$36:$DA$36<>""),'T_SelfStock'!$B$5:$DA$5),"") | I67: 理論在庫 | J67: =IFERROR(INDEX('Grid_Stock'!$A32:$DA32,1,LOOKUP(2,1/('T_SelfStock'!$B$36:$DA$36<>""),COLUMN('T_SelfStock'!$B$36:$DA$36)))-INDEX('Grid_TheoreticalStock'!$A32:$DA32,1,LOOKUP(2,1/('T_SelfStock'!$B$36:$DA$36<>""),COLUMN('T_SelfStock'!$B$36:$DA$36))),0) | K67: ='Grid_TheoreticalStock'!B32 | L67: ='Grid_TheoreticalStock'!C32 | M67: ='Grid_TheoreticalStock'!D32 | N67: ='Grid_TheoreticalStock'!E32 | O67: ='Grid_TheoreticalStock'!F32 | P67: ='Grid_TheoreticalStock'!G32 | Q67: ='Grid_TheoreticalStock'!H32 | R67: ='Grid_TheoreticalStock'!I32 | ... DJ67: ='Grid_TheoreticalStock'!DA32
A68: CHEM-1780 | B68: =IFERROR(INDEX(M_RawMaterials[Description],MATCH($A68,M_RawMaterials[Part Name],0)),"") | C68: =IFERROR(INDEX(M_RawMaterials[Category],MATCH($A68,M_RawMaterials[Part Name],0)),"") | D68: =IFERROR(INDEX(M_RawMaterials[基準在庫下限_要入力],MATCH($A68,M_RawMaterials[Part Name],0)),0) | E68: =IFERROR(INDEX(M_RawMaterials[基準在庫上限_要入力],MATCH($A68,M_RawMaterials[Part Name],0)),0) | F68: =IFERROR(LOOKUP(2,1/('T_SelfStock'!$B$36:$DA$36<>""),'T_SelfStock'!$B$36:$DA$36),"") | G68: =IFERROR(LOOKUP(2,1/('T_TTAFStock'!$B$36:$DA$36<>""),'T_TTAFStock'!$B$36:$DA$36),"") | H68: =IFERROR(LOOKUP(2,1/('T_SelfStock'!$B$36:$DA$36<>""),'T_SelfStock'!$B$5:$DA$5),"") | I68: 実在庫 | J68: =IFERROR(INDEX('Grid_Stock'!$A32:$DA32,1,LOOKUP(2,1/('T_SelfStock'!$B$36:$DA$36<>""),COLUMN('T_SelfStock'!$B$36:$DA$36)))-INDEX('Grid_TheoreticalStock'!$A32:$DA32,1,LOOKUP(2,1/('T_SelfStock'!$B$36:$DA$36<>""),COLUMN('T_SelfStock'!$B$36:$DA$36))),0) | K68: ='Grid_Stock'!B32 | L68: ='Grid_Stock'!C32 | M68: ='Grid_Stock'!D32 | N68: ='Grid_Stock'!E32 | O68: ='Grid_Stock'!F32 | P68: ='Grid_Stock'!G32 | Q68: ='Grid_Stock'!H32 | R68: ='Grid_Stock'!I32 | ... DJ68: ='Grid_Stock'!DA32
A69: CHEM-1400 | B69: =IFERROR(INDEX(M_RawMaterials[Description],MATCH($A69,M_RawMaterials[Part Name],0)),"") | C69: =IFERROR(INDEX(M_RawMaterials[Category],MATCH($A69,M_RawMaterials[Part Name],0)),"") | D69: =IFERROR(INDEX(M_RawMaterials[基準在庫下限_要入力],MATCH($A69,M_RawMaterials[Part Name],0)),0) | E69: =IFERROR(INDEX(M_RawMaterials[基準在庫上限_要入力],MATCH($A69,M_RawMaterials[Part Name],0)),0) | F69: =IFERROR(LOOKUP(2,1/('T_SelfStock'!$B$37:$DA$37<>""),'T_SelfStock'!$B$37:$DA$37),"") | G69: =IFERROR(LOOKUP(2,1/('T_TTAFStock'!$B$37:$DA$37<>""),'T_TTAFStock'!$B$37:$DA$37),"") | H69: =IFERROR(LOOKUP(2,1/('T_SelfStock'!$B$37:$DA$37<>""),'T_SelfStock'!$B$5:$DA$5),"") | I69: 理論在庫 | J69: =IFERROR(INDEX('Grid_Stock'!$A33:$DA33,1,LOOKUP(2,1/('T_SelfStock'!$B$37:$DA$37<>""),COLUMN('T_SelfStock'!$B$37:$DA$37)))-INDEX('Grid_TheoreticalStock'!$A33:$DA33,1,LOOKUP(2,1/('T_SelfStock'!$B$37:$DA$37<>""),COLUMN('T_SelfStock'!$B$37:$DA$37))),0) | K69: ='Grid_TheoreticalStock'!B33 | L69: ='Grid_TheoreticalStock'!C33 | M69: ='Grid_TheoreticalStock'!D33 | N69: ='Grid_TheoreticalStock'!E33 | O69: ='Grid_TheoreticalStock'!F33 | P69: ='Grid_TheoreticalStock'!G33 | Q69: ='Grid_TheoreticalStock'!H33 | R69: ='Grid_TheoreticalStock'!I33 | ... DJ69: ='Grid_TheoreticalStock'!DA33
A70: CHEM-1400 | B70: =IFERROR(INDEX(M_RawMaterials[Description],MATCH($A70,M_RawMaterials[Part Name],0)),"") | C70: =IFERROR(INDEX(M_RawMaterials[Category],MATCH($A70,M_RawMaterials[Part Name],0)),"") | D70: =IFERROR(INDEX(M_RawMaterials[基準在庫下限_要入力],MATCH($A70,M_RawMaterials[Part Name],0)),0) | E70: =IFERROR(INDEX(M_RawMaterials[基準在庫上限_要入力],MATCH($A70,M_RawMaterials[Part Name],0)),0) | F70: =IFERROR(LOOKUP(2,1/('T_SelfStock'!$B$37:$DA$37<>""),'T_SelfStock'!$B$37:$DA$37),"") | G70: =IFERROR(LOOKUP(2,1/('T_TTAFStock'!$B$37:$DA$37<>""),'T_TTAFStock'!$B$37:$DA$37),"") | H70: =IFERROR(LOOKUP(2,1/('T_SelfStock'!$B$37:$DA$37<>""),'T_SelfStock'!$B$5:$DA$5),"") | I70: 実在庫 | J70: =IFERROR(INDEX('Grid_Stock'!$A33:$DA33,1,LOOKUP(2,1/('T_SelfStock'!$B$37:$DA$37<>""),COLUMN('T_SelfStock'!$B$37:$DA$37)))-INDEX('Grid_TheoreticalStock'!$A33:$DA33,1,LOOKUP(2,1/('T_SelfStock'!$B$37:$DA$37<>""),COLUMN('T_SelfStock'!$B$37:$DA$37))),0) | K70: ='Grid_Stock'!B33 | L70: ='Grid_Stock'!C33 | M70: ='Grid_Stock'!D33 | N70: ='Grid_Stock'!E33 | O70: ='Grid_Stock'!F33 | P70: ='Grid_Stock'!G33 | Q70: ='Grid_Stock'!H33 | R70: ='Grid_Stock'!I33 | ... DJ70: ='Grid_Stock'!DA33
A71: CHEM-1650 | B71: =IFERROR(INDEX(M_RawMaterials[Description],MATCH($A71,M_RawMaterials[Part Name],0)),"") | C71: =IFERROR(INDEX(M_RawMaterials[Category],MATCH($A71,M_RawMaterials[Part Name],0)),"") | D71: =IFERROR(INDEX(M_RawMaterials[基準在庫下限_要入力],MATCH($A71,M_RawMaterials[Part Name],0)),0) | E71: =IFERROR(INDEX(M_RawMaterials[基準在庫上限_要入力],MATCH($A71,M_RawMaterials[Part Name],0)),0) | F71: =IFERROR(LOOKUP(2,1/('T_SelfStock'!$B$38:$DA$38<>""),'T_SelfStock'!$B$38:$DA$38),"") | G71: =IFERROR(LOOKUP(2,1/('T_TTAFStock'!$B$38:$DA$38<>""),'T_TTAFStock'!$B$38:$DA$38),"") | H71: =IFERROR(LOOKUP(2,1/('T_SelfStock'!$B$38:$DA$38<>""),'T_SelfStock'!$B$5:$DA$5),"") | I71: 理論在庫 | J71: =IFERROR(INDEX('Grid_Stock'!$A34:$DA34,1,LOOKUP(2,1/('T_SelfStock'!$B$38:$DA$38<>""),COLUMN('T_SelfStock'!$B$38:$DA$38)))-INDEX('Grid_TheoreticalStock'!$A34:$DA34,1,LOOKUP(2,1/('T_SelfStock'!$B$38:$DA$38<>""),COLUMN('T_SelfStock'!$B$38:$DA$38))),0) | K71: ='Grid_TheoreticalStock'!B34 | L71: ='Grid_TheoreticalStock'!C34 | M71: ='Grid_TheoreticalStock'!D34 | N71: ='Grid_TheoreticalStock'!E34 | O71: ='Grid_TheoreticalStock'!F34 | P71: ='Grid_TheoreticalStock'!G34 | Q71: ='Grid_TheoreticalStock'!H34 | R71: ='Grid_TheoreticalStock'!I34 | ... DJ71: ='Grid_TheoreticalStock'!DA34
A72: CHEM-1650 | B72: =IFERROR(INDEX(M_RawMaterials[Description],MATCH($A72,M_RawMaterials[Part Name],0)),"") | C72: =IFERROR(INDEX(M_RawMaterials[Category],MATCH($A72,M_RawMaterials[Part Name],0)),"") | D72: =IFERROR(INDEX(M_RawMaterials[基準在庫下限_要入力],MATCH($A72,M_RawMaterials[Part Name],0)),0) | E72: =IFERROR(INDEX(M_RawMaterials[基準在庫上限_要入力],MATCH($A72,M_RawMaterials[Part Name],0)),0) | F72: =IFERROR(LOOKUP(2,1/('T_SelfStock'!$B$38:$DA$38<>""),'T_SelfStock'!$B$38:$DA$38),"") | G72: =IFERROR(LOOKUP(2,1/('T_TTAFStock'!$B$38:$DA$38<>""),'T_TTAFStock'!$B$38:$DA$38),"") | H72: =IFERROR(LOOKUP(2,1/('T_SelfStock'!$B$38:$DA$38<>""),'T_SelfStock'!$B$5:$DA$5),"") | I72: 実在庫 | J72: =IFERROR(INDEX('Grid_Stock'!$A34:$DA34,1,LOOKUP(2,1/('T_SelfStock'!$B$38:$DA$38<>""),COLUMN('T_SelfStock'!$B$38:$DA$38)))-INDEX('Grid_TheoreticalStock'!$A34:$DA34,1,LOOKUP(2,1/('T_SelfStock'!$B$38:$DA$38<>""),COLUMN('T_SelfStock'!$B$38:$DA$38))),0) | K72: ='Grid_Stock'!B34 | L72: ='Grid_Stock'!C34 | M72: ='Grid_Stock'!D34 | N72: ='Grid_Stock'!E34 | O72: ='Grid_Stock'!F34 | P72: ='Grid_Stock'!G34 | Q72: ='Grid_Stock'!H34 | R72: ='Grid_Stock'!I34 | ... DJ72: ='Grid_Stock'!DA34
A73: CHEM-1660 | B73: =IFERROR(INDEX(M_RawMaterials[Description],MATCH($A73,M_RawMaterials[Part Name],0)),"") | C73: =IFERROR(INDEX(M_RawMaterials[Category],MATCH($A73,M_RawMaterials[Part Name],0)),"") | D73: =IFERROR(INDEX(M_RawMaterials[基準在庫下限_要入力],MATCH($A73,M_RawMaterials[Part Name],0)),0) | E73: =IFERROR(INDEX(M_RawMaterials[基準在庫上限_要入力],MATCH($A73,M_RawMaterials[Part Name],0)),0) | F73: =IFERROR(LOOKUP(2,1/('T_SelfStock'!$B$39:$DA$39<>""),'T_SelfStock'!$B$39:$DA$39),"") | G73: =IFERROR(LOOKUP(2,1/('T_TTAFStock'!$B$39:$DA$39<>""),'T_TTAFStock'!$B$39:$DA$39),"") | H73: =IFERROR(LOOKUP(2,1/('T_SelfStock'!$B$39:$DA$39<>""),'T_SelfStock'!$B$5:$DA$5),"") | I73: 理論在庫 | J73: =IFERROR(INDEX('Grid_Stock'!$A35:$DA35,1,LOOKUP(2,1/('T_SelfStock'!$B$39:$DA$39<>""),COLUMN('T_SelfStock'!$B$39:$DA$39)))-INDEX('Grid_TheoreticalStock'!$A35:$DA35,1,LOOKUP(2,1/('T_SelfStock'!$B$39:$DA$39<>""),COLUMN('T_SelfStock'!$B$39:$DA$39))),0) | K73: ='Grid_TheoreticalStock'!B35 | L73: ='Grid_TheoreticalStock'!C35 | M73: ='Grid_TheoreticalStock'!D35 | N73: ='Grid_TheoreticalStock'!E35 | O73: ='Grid_TheoreticalStock'!F35 | P73: ='Grid_TheoreticalStock'!G35 | Q73: ='Grid_TheoreticalStock'!H35 | R73: ='Grid_TheoreticalStock'!I35 | ... DJ73: ='Grid_TheoreticalStock'!DA35
A74: CHEM-1660 | B74: =IFERROR(INDEX(M_RawMaterials[Description],MATCH($A74,M_RawMaterials[Part Name],0)),"") | C74: =IFERROR(INDEX(M_RawMaterials[Category],MATCH($A74,M_RawMaterials[Part Name],0)),"") | D74: =IFERROR(INDEX(M_RawMaterials[基準在庫下限_要入力],MATCH($A74,M_RawMaterials[Part Name],0)),0) | E74: =IFERROR(INDEX(M_RawMaterials[基準在庫上限_要入力],MATCH($A74,M_RawMaterials[Part Name],0)),0) | F74: =IFERROR(LOOKUP(2,1/('T_SelfStock'!$B$39:$DA$39<>""),'T_SelfStock'!$B$39:$DA$39),"") | G74: =IFERROR(LOOKUP(2,1/('T_TTAFStock'!$B$39:$DA$39<>""),'T_TTAFStock'!$B$39:$DA$39),"") | H74: =IFERROR(LOOKUP(2,1/('T_SelfStock'!$B$39:$DA$39<>""),'T_SelfStock'!$B$5:$DA$5),"") | I74: 実在庫 | J74: =IFERROR(INDEX('Grid_Stock'!$A35:$DA35,1,LOOKUP(2,1/('T_SelfStock'!$B$39:$DA$39<>""),COLUMN('T_SelfStock'!$B$39:$DA$39)))-INDEX('Grid_TheoreticalStock'!$A35:$DA35,1,LOOKUP(2,1/('T_SelfStock'!$B$39:$DA$39<>""),COLUMN('T_SelfStock'!$B$39:$DA$39))),0) | K74: ='Grid_Stock'!B35 | L74: ='Grid_Stock'!C35 | M74: ='Grid_Stock'!D35 | N74: ='Grid_Stock'!E35 | O74: ='Grid_Stock'!F35 | P74: ='Grid_Stock'!G35 | Q74: ='Grid_Stock'!H35 | R74: ='Grid_Stock'!I35 | ... DJ74: ='Grid_Stock'!DA35
A75: CHEM-1420 | B75: =IFERROR(INDEX(M_RawMaterials[Description],MATCH($A75,M_RawMaterials[Part Name],0)),"") | C75: =IFERROR(INDEX(M_RawMaterials[Category],MATCH($A75,M_RawMaterials[Part Name],0)),"") | D75: =IFERROR(INDEX(M_RawMaterials[基準在庫下限_要入力],MATCH($A75,M_RawMaterials[Part Name],0)),0) | E75: =IFERROR(INDEX(M_RawMaterials[基準在庫上限_要入力],MATCH($A75,M_RawMaterials[Part Name],0)),0) | F75: =IFERROR(LOOKUP(2,1/('T_SelfStock'!$B$40:$DA$40<>""),'T_SelfStock'!$B$40:$DA$40),"") | G75: =IFERROR(LOOKUP(2,1/('T_TTAFStock'!$B$40:$DA$40<>""),'T_TTAFStock'!$B$40:$DA$40),"") | H75: =IFERROR(LOOKUP(2,1/('T_SelfStock'!$B$40:$DA$40<>""),'T_SelfStock'!$B$5:$DA$5),"") | I75: 理論在庫 | J75: =IFERROR(INDEX('Grid_Stock'!$A36:$DA36,1,LOOKUP(2,1/('T_SelfStock'!$B$40:$DA$40<>""),COLUMN('T_SelfStock'!$B$40:$DA$40)))-INDEX('Grid_TheoreticalStock'!$A36:$DA36,1,LOOKUP(2,1/('T_SelfStock'!$B$40:$DA$40<>""),COLUMN('T_SelfStock'!$B$40:$DA$40))),0) | K75: ='Grid_TheoreticalStock'!B36 | L75: ='Grid_TheoreticalStock'!C36 | M75: ='Grid_TheoreticalStock'!D36 | N75: ='Grid_TheoreticalStock'!E36 | O75: ='Grid_TheoreticalStock'!F36 | P75: ='Grid_TheoreticalStock'!G36 | Q75: ='Grid_TheoreticalStock'!H36 | R75: ='Grid_TheoreticalStock'!I36 | ... DJ75: ='Grid_TheoreticalStock'!DA36
A76: CHEM-1420 | B76: =IFERROR(INDEX(M_RawMaterials[Description],MATCH($A76,M_RawMaterials[Part Name],0)),"") | C76: =IFERROR(INDEX(M_RawMaterials[Category],MATCH($A76,M_RawMaterials[Part Name],0)),"") | D76: =IFERROR(INDEX(M_RawMaterials[基準在庫下限_要入力],MATCH($A76,M_RawMaterials[Part Name],0)),0) | E76: =IFERROR(INDEX(M_RawMaterials[基準在庫上限_要入力],MATCH($A76,M_RawMaterials[Part Name],0)),0) | F76: =IFERROR(LOOKUP(2,1/('T_SelfStock'!$B$40:$DA$40<>""),'T_SelfStock'!$B$40:$DA$40),"") | G76: =IFERROR(LOOKUP(2,1/('T_TTAFStock'!$B$40:$DA$40<>""),'T_TTAFStock'!$B$40:$DA$40),"") | H76: =IFERROR(LOOKUP(2,1/('T_SelfStock'!$B$40:$DA$40<>""),'T_SelfStock'!$B$5:$DA$5),"") | I76: 実在庫 | J76: =IFERROR(INDEX('Grid_Stock'!$A36:$DA36,1,LOOKUP(2,1/('T_SelfStock'!$B$40:$DA$40<>""),COLUMN('T_SelfStock'!$B$40:$DA$40)))-INDEX('Grid_TheoreticalStock'!$A36:$DA36,1,LOOKUP(2,1/('T_SelfStock'!$B$40:$DA$40<>""),COLUMN('T_SelfStock'!$B$40:$DA$40))),0) | K76: ='Grid_Stock'!B36 | L76: ='Grid_Stock'!C36 | M76: ='Grid_Stock'!D36 | N76: ='Grid_Stock'!E36 | O76: ='Grid_Stock'!F36 | P76: ='Grid_Stock'!G36 | Q76: ='Grid_Stock'!H36 | R76: ='Grid_Stock'!I36 | ... DJ76: ='Grid_Stock'!DA36
A77: CHEM-1080 | B77: =IFERROR(INDEX(M_RawMaterials[Description],MATCH($A77,M_RawMaterials[Part Name],0)),"") | C77: =IFERROR(INDEX(M_RawMaterials[Category],MATCH($A77,M_RawMaterials[Part Name],0)),"") | D77: =IFERROR(INDEX(M_RawMaterials[基準在庫下限_要入力],MATCH($A77,M_RawMaterials[Part Name],0)),0) | E77: =IFERROR(INDEX(M_RawMaterials[基準在庫上限_要入力],MATCH($A77,M_RawMaterials[Part Name],0)),0) | F77: =IFERROR(LOOKUP(2,1/('T_SelfStock'!$B$41:$DA$41<>""),'T_SelfStock'!$B$41:$DA$41),"") | G77: =IFERROR(LOOKUP(2,1/('T_TTAFStock'!$B$41:$DA$41<>""),'T_TTAFStock'!$B$41:$DA$41),"") | H77: =IFERROR(LOOKUP(2,1/('T_SelfStock'!$B$41:$DA$41<>""),'T_SelfStock'!$B$5:$DA$5),"") | I77: 理論在庫 | J77: =IFERROR(INDEX('Grid_Stock'!$A37:$DA37,1,LOOKUP(2,1/('T_SelfStock'!$B$41:$DA$41<>""),COLUMN('T_SelfStock'!$B$41:$DA$41)))-INDEX('Grid_TheoreticalStock'!$A37:$DA37,1,LOOKUP(2,1/('T_SelfStock'!$B$41:$DA$41<>""),COLUMN('T_SelfStock'!$B$41:$DA$41))),0) | K77: ='Grid_TheoreticalStock'!B37 | L77: ='Grid_TheoreticalStock'!C37 | M77: ='Grid_TheoreticalStock'!D37 | N77: ='Grid_TheoreticalStock'!E37 | O77: ='Grid_TheoreticalStock'!F37 | P77: ='Grid_TheoreticalStock'!G37 | Q77: ='Grid_TheoreticalStock'!H37 | R77: ='Grid_TheoreticalStock'!I37 | ... DJ77: ='Grid_TheoreticalStock'!DA37
A78: CHEM-1080 | B78: =IFERROR(INDEX(M_RawMaterials[Description],MATCH($A78,M_RawMaterials[Part Name],0)),"") | C78: =IFERROR(INDEX(M_RawMaterials[Category],MATCH($A78,M_RawMaterials[Part Name],0)),"") | D78: =IFERROR(INDEX(M_RawMaterials[基準在庫下限_要入力],MATCH($A78,M_RawMaterials[Part Name],0)),0) | E78: =IFERROR(INDEX(M_RawMaterials[基準在庫上限_要入力],MATCH($A78,M_RawMaterials[Part Name],0)),0) | F78: =IFERROR(LOOKUP(2,1/('T_SelfStock'!$B$41:$DA$41<>""),'T_SelfStock'!$B$41:$DA$41),"") | G78: =IFERROR(LOOKUP(2,1/('T_TTAFStock'!$B$41:$DA$41<>""),'T_TTAFStock'!$B$41:$DA$41),"") | H78: =IFERROR(LOOKUP(2,1/('T_SelfStock'!$B$41:$DA$41<>""),'T_SelfStock'!$B$5:$DA$5),"") | I78: 実在庫 | J78: =IFERROR(INDEX('Grid_Stock'!$A37:$DA37,1,LOOKUP(2,1/('T_SelfStock'!$B$41:$DA$41<>""),COLUMN('T_SelfStock'!$B$41:$DA$41)))-INDEX('Grid_TheoreticalStock'!$A37:$DA37,1,LOOKUP(2,1/('T_SelfStock'!$B$41:$DA$41<>""),COLUMN('T_SelfStock'!$B$41:$DA$41))),0) | K78: ='Grid_Stock'!B37 | L78: ='Grid_Stock'!C37 | M78: ='Grid_Stock'!D37 | N78: ='Grid_Stock'!E37 | O78: ='Grid_Stock'!F37 | P78: ='Grid_Stock'!G37 | Q78: ='Grid_Stock'!H37 | R78: ='Grid_Stock'!I37 | ... DJ78: ='Grid_Stock'!DA37
A79: CHEM-1530 | B79: =IFERROR(INDEX(M_RawMaterials[Description],MATCH($A79,M_RawMaterials[Part Name],0)),"") | C79: =IFERROR(INDEX(M_RawMaterials[Category],MATCH($A79,M_RawMaterials[Part Name],0)),"") | D79: =IFERROR(INDEX(M_RawMaterials[基準在庫下限_要入力],MATCH($A79,M_RawMaterials[Part Name],0)),0) | E79: =IFERROR(INDEX(M_RawMaterials[基準在庫上限_要入力],MATCH($A79,M_RawMaterials[Part Name],0)),0) | F79: =IFERROR(LOOKUP(2,1/('T_SelfStock'!$B$42:$DA$42<>""),'T_SelfStock'!$B$42:$DA$42),"") | G79: =IFERROR(LOOKUP(2,1/('T_TTAFStock'!$B$42:$DA$42<>""),'T_TTAFStock'!$B$42:$DA$42),"") | H79: =IFERROR(LOOKUP(2,1/('T_SelfStock'!$B$42:$DA$42<>""),'T_SelfStock'!$B$5:$DA$5),"") | I79: 理論在庫 | J79: =IFERROR(INDEX('Grid_Stock'!$A38:$DA38,1,LOOKUP(2,1/('T_SelfStock'!$B$42:$DA$42<>""),COLUMN('T_SelfStock'!$B$42:$DA$42)))-INDEX('Grid_TheoreticalStock'!$A38:$DA38,1,LOOKUP(2,1/('T_SelfStock'!$B$42:$DA$42<>""),COLUMN('T_SelfStock'!$B$42:$DA$42))),0) | K79: ='Grid_TheoreticalStock'!B38 | L79: ='Grid_TheoreticalStock'!C38 | M79: ='Grid_TheoreticalStock'!D38 | N79: ='Grid_TheoreticalStock'!E38 | O79: ='Grid_TheoreticalStock'!F38 | P79: ='Grid_TheoreticalStock'!G38 | Q79: ='Grid_TheoreticalStock'!H38 | R79: ='Grid_TheoreticalStock'!I38 | ... DJ79: ='Grid_TheoreticalStock'!DA38
A80: CHEM-1530 | B80: =IFERROR(INDEX(M_RawMaterials[Description],MATCH($A80,M_RawMaterials[Part Name],0)),"") | C80: =IFERROR(INDEX(M_RawMaterials[Category],MATCH($A80,M_RawMaterials[Part Name],0)),"") | D80: =IFERROR(INDEX(M_RawMaterials[基準在庫下限_要入力],MATCH($A80,M_RawMaterials[Part Name],0)),0) | E80: =IFERROR(INDEX(M_RawMaterials[基準在庫上限_要入力],MATCH($A80,M_RawMaterials[Part Name],0)),0) | F80: =IFERROR(LOOKUP(2,1/('T_SelfStock'!$B$42:$DA$42<>""),'T_SelfStock'!$B$42:$DA$42),"") | G80: =IFERROR(LOOKUP(2,1/('T_TTAFStock'!$B$42:$DA$42<>""),'T_TTAFStock'!$B$42:$DA$42),"") | H80: =IFERROR(LOOKUP(2,1/('T_SelfStock'!$B$42:$DA$42<>""),'T_SelfStock'!$B$5:$DA$5),"") | I80: 実在庫 | J80: =IFERROR(INDEX('Grid_Stock'!$A38:$DA38,1,LOOKUP(2,1/('T_SelfStock'!$B$42:$DA$42<>""),COLUMN('T_SelfStock'!$B$42:$DA$42)))-INDEX('Grid_TheoreticalStock'!$A38:$DA38,1,LOOKUP(2,1/('T_SelfStock'!$B$42:$DA$42<>""),COLUMN('T_SelfStock'!$B$42:$DA$42))),0) | K80: ='Grid_Stock'!B38 | L80: ='Grid_Stock'!C38 | M80: ='Grid_Stock'!D38 | N80: ='Grid_Stock'!E38 | O80: ='Grid_Stock'!F38 | P80: ='Grid_Stock'!G38 | Q80: ='Grid_Stock'!H38 | R80: ='Grid_Stock'!I38 | ... DJ80: ='Grid_Stock'!DA38
A81: CHEM-1480 | B81: =IFERROR(INDEX(M_RawMaterials[Description],MATCH($A81,M_RawMaterials[Part Name],0)),"") | C81: =IFERROR(INDEX(M_RawMaterials[Category],MATCH($A81,M_RawMaterials[Part Name],0)),"") | D81: =IFERROR(INDEX(M_RawMaterials[基準在庫下限_要入力],MATCH($A81,M_RawMaterials[Part Name],0)),0) | E81: =IFERROR(INDEX(M_RawMaterials[基準在庫上限_要入力],MATCH($A81,M_RawMaterials[Part Name],0)),0) | F81: =IFERROR(LOOKUP(2,1/('T_SelfStock'!$B$43:$DA$43<>""),'T_SelfStock'!$B$43:$DA$43),"") | G81: =IFERROR(LOOKUP(2,1/('T_TTAFStock'!$B$43:$DA$43<>""),'T_TTAFStock'!$B$43:$DA$43),"") | H81: =IFERROR(LOOKUP(2,1/('T_SelfStock'!$B$43:$DA$43<>""),'T_SelfStock'!$B$5:$DA$5),"") | I81: 理論在庫 | J81: =IFERROR(INDEX('Grid_Stock'!$A39:$DA39,1,LOOKUP(2,1/('T_SelfStock'!$B$43:$DA$43<>""),COLUMN('T_SelfStock'!$B$43:$DA$43)))-INDEX('Grid_TheoreticalStock'!$A39:$DA39,1,LOOKUP(2,1/('T_SelfStock'!$B$43:$DA$43<>""),COLUMN('T_SelfStock'!$B$43:$DA$43))),0) | K81: ='Grid_TheoreticalStock'!B39 | L81: ='Grid_TheoreticalStock'!C39 | M81: ='Grid_TheoreticalStock'!D39 | N81: ='Grid_TheoreticalStock'!E39 | O81: ='Grid_TheoreticalStock'!F39 | P81: ='Grid_TheoreticalStock'!G39 | Q81: ='Grid_TheoreticalStock'!H39 | R81: ='Grid_TheoreticalStock'!I39 | ... DJ81: ='Grid_TheoreticalStock'!DA39
A82: CHEM-1480 | B82: =IFERROR(INDEX(M_RawMaterials[Description],MATCH($A82,M_RawMaterials[Part Name],0)),"") | C82: =IFERROR(INDEX(M_RawMaterials[Category],MATCH($A82,M_RawMaterials[Part Name],0)),"") | D82: =IFERROR(INDEX(M_RawMaterials[基準在庫下限_要入力],MATCH($A82,M_RawMaterials[Part Name],0)),0) | E82: =IFERROR(INDEX(M_RawMaterials[基準在庫上限_要入力],MATCH($A82,M_RawMaterials[Part Name],0)),0) | F82: =IFERROR(LOOKUP(2,1/('T_SelfStock'!$B$43:$DA$43<>""),'T_SelfStock'!$B$43:$DA$43),"") | G82: =IFERROR(LOOKUP(2,1/('T_TTAFStock'!$B$43:$DA$43<>""),'T_TTAFStock'!$B$43:$DA$43),"") | H82: =IFERROR(LOOKUP(2,1/('T_SelfStock'!$B$43:$DA$43<>""),'T_SelfStock'!$B$5:$DA$5),"") | I82: 実在庫 | J82: =IFERROR(INDEX('Grid_Stock'!$A39:$DA39,1,LOOKUP(2,1/('T_SelfStock'!$B$43:$DA$43<>""),COLUMN('T_SelfStock'!$B$43:$DA$43)))-INDEX('Grid_TheoreticalStock'!$A39:$DA39,1,LOOKUP(2,1/('T_SelfStock'!$B$43:$DA$43<>""),COLUMN('T_SelfStock'!$B$43:$DA$43))),0) | K82: ='Grid_Stock'!B39 | L82: ='Grid_Stock'!C39 | M82: ='Grid_Stock'!D39 | N82: ='Grid_Stock'!E39 | O82: ='Grid_Stock'!F39 | P82: ='Grid_Stock'!G39 | Q82: ='Grid_Stock'!H39 | R82: ='Grid_Stock'!I39 | ... DJ82: ='Grid_Stock'!DA39
A83: CHEM-1540 | B83: =IFERROR(INDEX(M_RawMaterials[Description],MATCH($A83,M_RawMaterials[Part Name],0)),"") | C83: =IFERROR(INDEX(M_RawMaterials[Category],MATCH($A83,M_RawMaterials[Part Name],0)),"") | D83: =IFERROR(INDEX(M_RawMaterials[基準在庫下限_要入力],MATCH($A83,M_RawMaterials[Part Name],0)),0) | E83: =IFERROR(INDEX(M_RawMaterials[基準在庫上限_要入力],MATCH($A83,M_RawMaterials[Part Name],0)),0) | F83: =IFERROR(LOOKUP(2,1/('T_SelfStock'!$B$44:$DA$44<>""),'T_SelfStock'!$B$44:$DA$44),"") | G83: =IFERROR(LOOKUP(2,1/('T_TTAFStock'!$B$44:$DA$44<>""),'T_TTAFStock'!$B$44:$DA$44),"") | H83: =IFERROR(LOOKUP(2,1/('T_SelfStock'!$B$44:$DA$44<>""),'T_SelfStock'!$B$5:$DA$5),"") | I83: 理論在庫 | J83: =IFERROR(INDEX('Grid_Stock'!$A40:$DA40,1,LOOKUP(2,1/('T_SelfStock'!$B$44:$DA$44<>""),COLUMN('T_SelfStock'!$B$44:$DA$44)))-INDEX('Grid_TheoreticalStock'!$A40:$DA40,1,LOOKUP(2,1/('T_SelfStock'!$B$44:$DA$44<>""),COLUMN('T_SelfStock'!$B$44:$DA$44))),0) | K83: ='Grid_TheoreticalStock'!B40 | L83: ='Grid_TheoreticalStock'!C40 | M83: ='Grid_TheoreticalStock'!D40 | N83: ='Grid_TheoreticalStock'!E40 | O83: ='Grid_TheoreticalStock'!F40 | P83: ='Grid_TheoreticalStock'!G40 | Q83: ='Grid_TheoreticalStock'!H40 | R83: ='Grid_TheoreticalStock'!I40 | ... DJ83: ='Grid_TheoreticalStock'!DA40
A84: CHEM-1540 | B84: =IFERROR(INDEX(M_RawMaterials[Description],MATCH($A84,M_RawMaterials[Part Name],0)),"") | C84: =IFERROR(INDEX(M_RawMaterials[Category],MATCH($A84,M_RawMaterials[Part Name],0)),"") | D84: =IFERROR(INDEX(M_RawMaterials[基準在庫下限_要入力],MATCH($A84,M_RawMaterials[Part Name],0)),0) | E84: =IFERROR(INDEX(M_RawMaterials[基準在庫上限_要入力],MATCH($A84,M_RawMaterials[Part Name],0)),0) | F84: =IFERROR(LOOKUP(2,1/('T_SelfStock'!$B$44:$DA$44<>""),'T_SelfStock'!$B$44:$DA$44),"") | G84: =IFERROR(LOOKUP(2,1/('T_TTAFStock'!$B$44:$DA$44<>""),'T_TTAFStock'!$B$44:$DA$44),"") | H84: =IFERROR(LOOKUP(2,1/('T_SelfStock'!$B$44:$DA$44<>""),'T_SelfStock'!$B$5:$DA$5),"") | I84: 実在庫 | J84: =IFERROR(INDEX('Grid_Stock'!$A40:$DA40,1,LOOKUP(2,1/('T_SelfStock'!$B$44:$DA$44<>""),COLUMN('T_SelfStock'!$B$44:$DA$44)))-INDEX('Grid_TheoreticalStock'!$A40:$DA40,1,LOOKUP(2,1/('T_SelfStock'!$B$44:$DA$44<>""),COLUMN('T_SelfStock'!$B$44:$DA$44))),0) | K84: ='Grid_Stock'!B40 | L84: ='Grid_Stock'!C40 | M84: ='Grid_Stock'!D40 | N84: ='Grid_Stock'!E40 | O84: ='Grid_Stock'!F40 | P84: ='Grid_Stock'!G40 | Q84: ='Grid_Stock'!H40 | R84: ='Grid_Stock'!I40 | ... DJ84: ='Grid_Stock'!DA40
A85: CHEM-1680 | B85: =IFERROR(INDEX(M_RawMaterials[Description],MATCH($A85,M_RawMaterials[Part Name],0)),"") | C85: =IFERROR(INDEX(M_RawMaterials[Category],MATCH($A85,M_RawMaterials[Part Name],0)),"") | D85: =IFERROR(INDEX(M_RawMaterials[基準在庫下限_要入力],MATCH($A85,M_RawMaterials[Part Name],0)),0) | E85: =IFERROR(INDEX(M_RawMaterials[基準在庫上限_要入力],MATCH($A85,M_RawMaterials[Part Name],0)),0) | F85: =IFERROR(LOOKUP(2,1/('T_SelfStock'!$B$45:$DA$45<>""),'T_SelfStock'!$B$45:$DA$45),"") | G85: =IFERROR(LOOKUP(2,1/('T_TTAFStock'!$B$45:$DA$45<>""),'T_TTAFStock'!$B$45:$DA$45),"") | H85: =IFERROR(LOOKUP(2,1/('T_SelfStock'!$B$45:$DA$45<>""),'T_SelfStock'!$B$5:$DA$5),"") | I85: 理論在庫 | J85: =IFERROR(INDEX('Grid_Stock'!$A41:$DA41,1,LOOKUP(2,1/('T_SelfStock'!$B$45:$DA$45<>""),COLUMN('T_SelfStock'!$B$45:$DA$45)))-INDEX('Grid_TheoreticalStock'!$A41:$DA41,1,LOOKUP(2,1/('T_SelfStock'!$B$45:$DA$45<>""),COLUMN('T_SelfStock'!$B$45:$DA$45))),0) | K85: ='Grid_TheoreticalStock'!B41 | L85: ='Grid_TheoreticalStock'!C41 | M85: ='Grid_TheoreticalStock'!D41 | N85: ='Grid_TheoreticalStock'!E41 | O85: ='Grid_TheoreticalStock'!F41 | P85: ='Grid_TheoreticalStock'!G41 | Q85: ='Grid_TheoreticalStock'!H41 | R85: ='Grid_TheoreticalStock'!I41 | ... DJ85: ='Grid_TheoreticalStock'!DA41
A86: CHEM-1680 | B86: =IFERROR(INDEX(M_RawMaterials[Description],MATCH($A86,M_RawMaterials[Part Name],0)),"") | C86: =IFERROR(INDEX(M_RawMaterials[Category],MATCH($A86,M_RawMaterials[Part Name],0)),"") | D86: =IFERROR(INDEX(M_RawMaterials[基準在庫下限_要入力],MATCH($A86,M_RawMaterials[Part Name],0)),0) | E86: =IFERROR(INDEX(M_RawMaterials[基準在庫上限_要入力],MATCH($A86,M_RawMaterials[Part Name],0)),0) | F86: =IFERROR(LOOKUP(2,1/('T_SelfStock'!$B$45:$DA$45<>""),'T_SelfStock'!$B$45:$DA$45),"") | G86: =IFERROR(LOOKUP(2,1/('T_TTAFStock'!$B$45:$DA$45<>""),'T_TTAFStock'!$B$45:$DA$45),"") | H86: =IFERROR(LOOKUP(2,1/('T_SelfStock'!$B$45:$DA$45<>""),'T_SelfStock'!$B$5:$DA$5),"") | I86: 実在庫 | J86: =IFERROR(INDEX('Grid_Stock'!$A41:$DA41,1,LOOKUP(2,1/('T_SelfStock'!$B$45:$DA$45<>""),COLUMN('T_SelfStock'!$B$45:$DA$45)))-INDEX('Grid_TheoreticalStock'!$A41:$DA41,1,LOOKUP(2,1/('T_SelfStock'!$B$45:$DA$45<>""),COLUMN('T_SelfStock'!$B$45:$DA$45))),0) | K86: ='Grid_Stock'!B41 | L86: ='Grid_Stock'!C41 | M86: ='Grid_Stock'!D41 | N86: ='Grid_Stock'!E41 | O86: ='Grid_Stock'!F41 | P86: ='Grid_Stock'!G41 | Q86: ='Grid_Stock'!H41 | R86: ='Grid_Stock'!I41 | ... DJ86: ='Grid_Stock'!DA41
A87: CHEM-1730 | B87: =IFERROR(INDEX(M_RawMaterials[Description],MATCH($A87,M_RawMaterials[Part Name],0)),"") | C87: =IFERROR(INDEX(M_RawMaterials[Category],MATCH($A87,M_RawMaterials[Part Name],0)),"") | D87: =IFERROR(INDEX(M_RawMaterials[基準在庫下限_要入力],MATCH($A87,M_RawMaterials[Part Name],0)),0) | E87: =IFERROR(INDEX(M_RawMaterials[基準在庫上限_要入力],MATCH($A87,M_RawMaterials[Part Name],0)),0) | F87: =IFERROR(LOOKUP(2,1/('T_SelfStock'!$B$46:$DA$46<>""),'T_SelfStock'!$B$46:$DA$46),"") | G87: =IFERROR(LOOKUP(2,1/('T_TTAFStock'!$B$46:$DA$46<>""),'T_TTAFStock'!$B$46:$DA$46),"") | H87: =IFERROR(LOOKUP(2,1/('T_SelfStock'!$B$46:$DA$46<>""),'T_SelfStock'!$B$5:$DA$5),"") | I87: 理論在庫 | J87: =IFERROR(INDEX('Grid_Stock'!$A42:$DA42,1,LOOKUP(2,1/('T_SelfStock'!$B$46:$DA$46<>""),COLUMN('T_SelfStock'!$B$46:$DA$46)))-INDEX('Grid_TheoreticalStock'!$A42:$DA42,1,LOOKUP(2,1/('T_SelfStock'!$B$46:$DA$46<>""),COLUMN('T_SelfStock'!$B$46:$DA$46))),0) | K87: ='Grid_TheoreticalStock'!B42 | L87: ='Grid_TheoreticalStock'!C42 | M87: ='Grid_TheoreticalStock'!D42 | N87: ='Grid_TheoreticalStock'!E42 | O87: ='Grid_TheoreticalStock'!F42 | P87: ='Grid_TheoreticalStock'!G42 | Q87: ='Grid_TheoreticalStock'!H42 | R87: ='Grid_TheoreticalStock'!I42 | ... DJ87: ='Grid_TheoreticalStock'!DA42
A88: CHEM-1730 | B88: =IFERROR(INDEX(M_RawMaterials[Description],MATCH($A88,M_RawMaterials[Part Name],0)),"") | C88: =IFERROR(INDEX(M_RawMaterials[Category],MATCH($A88,M_RawMaterials[Part Name],0)),"") | D88: =IFERROR(INDEX(M_RawMaterials[基準在庫下限_要入力],MATCH($A88,M_RawMaterials[Part Name],0)),0) | E88: =IFERROR(INDEX(M_RawMaterials[基準在庫上限_要入力],MATCH($A88,M_RawMaterials[Part Name],0)),0) | F88: =IFERROR(LOOKUP(2,1/('T_SelfStock'!$B$46:$DA$46<>""),'T_SelfStock'!$B$46:$DA$46),"") | G88: =IFERROR(LOOKUP(2,1/('T_TTAFStock'!$B$46:$DA$46<>""),'T_TTAFStock'!$B$46:$DA$46),"") | H88: =IFERROR(LOOKUP(2,1/('T_SelfStock'!$B$46:$DA$46<>""),'T_SelfStock'!$B$5:$DA$5),"") | I88: 実在庫 | J88: =IFERROR(INDEX('Grid_Stock'!$A42:$DA42,1,LOOKUP(2,1/('T_SelfStock'!$B$46:$DA$46<>""),COLUMN('T_SelfStock'!$B$46:$DA$46)))-INDEX('Grid_TheoreticalStock'!$A42:$DA42,1,LOOKUP(2,1/('T_SelfStock'!$B$46:$DA$46<>""),COLUMN('T_SelfStock'!$B$46:$DA$46))),0) | K88: ='Grid_Stock'!B42 | L88: ='Grid_Stock'!C42 | M88: ='Grid_Stock'!D42 | N88: ='Grid_Stock'!E42 | O88: ='Grid_Stock'!F42 | P88: ='Grid_Stock'!G42 | Q88: ='Grid_Stock'!H42 | R88: ='Grid_Stock'!I42 | ... DJ88: ='Grid_Stock'!DA42
A89: CHEM-1280 | B89: =IFERROR(INDEX(M_RawMaterials[Description],MATCH($A89,M_RawMaterials[Part Name],0)),"") | C89: =IFERROR(INDEX(M_RawMaterials[Category],MATCH($A89,M_RawMaterials[Part Name],0)),"") | D89: =IFERROR(INDEX(M_RawMaterials[基準在庫下限_要入力],MATCH($A89,M_RawMaterials[Part Name],0)),0) | E89: =IFERROR(INDEX(M_RawMaterials[基準在庫上限_要入力],MATCH($A89,M_RawMaterials[Part Name],0)),0) | F89: =IFERROR(LOOKUP(2,1/('T_SelfStock'!$B$47:$DA$47<>""),'T_SelfStock'!$B$47:$DA$47),"") | G89: =IFERROR(LOOKUP(2,1/('T_TTAFStock'!$B$47:$DA$47<>""),'T_TTAFStock'!$B$47:$DA$47),"") | H89: =IFERROR(LOOKUP(2,1/('T_SelfStock'!$B$47:$DA$47<>""),'T_SelfStock'!$B$5:$DA$5),"") | I89: 理論在庫 | J89: =IFERROR(INDEX('Grid_Stock'!$A43:$DA43,1,LOOKUP(2,1/('T_SelfStock'!$B$47:$DA$47<>""),COLUMN('T_SelfStock'!$B$47:$DA$47)))-INDEX('Grid_TheoreticalStock'!$A43:$DA43,1,LOOKUP(2,1/('T_SelfStock'!$B$47:$DA$47<>""),COLUMN('T_SelfStock'!$B$47:$DA$47))),0) | K89: ='Grid_TheoreticalStock'!B43 | L89: ='Grid_TheoreticalStock'!C43 | M89: ='Grid_TheoreticalStock'!D43 | N89: ='Grid_TheoreticalStock'!E43 | O89: ='Grid_TheoreticalStock'!F43 | P89: ='Grid_TheoreticalStock'!G43 | Q89: ='Grid_TheoreticalStock'!H43 | R89: ='Grid_TheoreticalStock'!I43 | ... DJ89: ='Grid_TheoreticalStock'!DA43
A90: CHEM-1280 | B90: =IFERROR(INDEX(M_RawMaterials[Description],MATCH($A90,M_RawMaterials[Part Name],0)),"") | C90: =IFERROR(INDEX(M_RawMaterials[Category],MATCH($A90,M_RawMaterials[Part Name],0)),"") | D90: =IFERROR(INDEX(M_RawMaterials[基準在庫下限_要入力],MATCH($A90,M_RawMaterials[Part Name],0)),0) | E90: =IFERROR(INDEX(M_RawMaterials[基準在庫上限_要入力],MATCH($A90,M_RawMaterials[Part Name],0)),0) | F90: =IFERROR(LOOKUP(2,1/('T_SelfStock'!$B$47:$DA$47<>""),'T_SelfStock'!$B$47:$DA$47),"") | G90: =IFERROR(LOOKUP(2,1/('T_TTAFStock'!$B$47:$DA$47<>""),'T_TTAFStock'!$B$47:$DA$47),"") | H90: =IFERROR(LOOKUP(2,1/('T_SelfStock'!$B$47:$DA$47<>""),'T_SelfStock'!$B$5:$DA$5),"") | I90: 実在庫 | J90: =IFERROR(INDEX('Grid_Stock'!$A43:$DA43,1,LOOKUP(2,1/('T_SelfStock'!$B$47:$DA$47<>""),COLUMN('T_SelfStock'!$B$47:$DA$47)))-INDEX('Grid_TheoreticalStock'!$A43:$DA43,1,LOOKUP(2,1/('T_SelfStock'!$B$47:$DA$47<>""),COLUMN('T_SelfStock'!$B$47:$DA$47))),0) | K90: ='Grid_Stock'!B43 | L90: ='Grid_Stock'!C43 | M90: ='Grid_Stock'!D43 | N90: ='Grid_Stock'!E43 | O90: ='Grid_Stock'!F43 | P90: ='Grid_Stock'!G43 | Q90: ='Grid_Stock'!H43 | R90: ='Grid_Stock'!I43 | ... DJ90: ='Grid_Stock'!DA43
A91: CHEM-1570 | B91: =IFERROR(INDEX(M_RawMaterials[Description],MATCH($A91,M_RawMaterials[Part Name],0)),"") | C91: =IFERROR(INDEX(M_RawMaterials[Category],MATCH($A91,M_RawMaterials[Part Name],0)),"") | D91: =IFERROR(INDEX(M_RawMaterials[基準在庫下限_要入力],MATCH($A91,M_RawMaterials[Part Name],0)),0) | E91: =IFERROR(INDEX(M_RawMaterials[基準在庫上限_要入力],MATCH($A91,M_RawMaterials[Part Name],0)),0) | F91: =IFERROR(LOOKUP(2,1/('T_SelfStock'!$B$48:$DA$48<>""),'T_SelfStock'!$B$48:$DA$48),"") | G91: =IFERROR(LOOKUP(2,1/('T_TTAFStock'!$B$48:$DA$48<>""),'T_TTAFStock'!$B$48:$DA$48),"") | H91: =IFERROR(LOOKUP(2,1/('T_SelfStock'!$B$48:$DA$48<>""),'T_SelfStock'!$B$5:$DA$5),"") | I91: 理論在庫 | J91: =IFERROR(INDEX('Grid_Stock'!$A44:$DA44,1,LOOKUP(2,1/('T_SelfStock'!$B$48:$DA$48<>""),COLUMN('T_SelfStock'!$B$48:$DA$48)))-INDEX('Grid_TheoreticalStock'!$A44:$DA44,1,LOOKUP(2,1/('T_SelfStock'!$B$48:$DA$48<>""),COLUMN('T_SelfStock'!$B$48:$DA$48))),0) | K91: ='Grid_TheoreticalStock'!B44 | L91: ='Grid_TheoreticalStock'!C44 | M91: ='Grid_TheoreticalStock'!D44 | N91: ='Grid_TheoreticalStock'!E44 | O91: ='Grid_TheoreticalStock'!F44 | P91: ='Grid_TheoreticalStock'!G44 | Q91: ='Grid_TheoreticalStock'!H44 | R91: ='Grid_TheoreticalStock'!I44 | ... DJ91: ='Grid_TheoreticalStock'!DA44
A92: CHEM-1570 | B92: =IFERROR(INDEX(M_RawMaterials[Description],MATCH($A92,M_RawMaterials[Part Name],0)),"") | C92: =IFERROR(INDEX(M_RawMaterials[Category],MATCH($A92,M_RawMaterials[Part Name],0)),"") | D92: =IFERROR(INDEX(M_RawMaterials[基準在庫下限_要入力],MATCH($A92,M_RawMaterials[Part Name],0)),0) | E92: =IFERROR(INDEX(M_RawMaterials[基準在庫上限_要入力],MATCH($A92,M_RawMaterials[Part Name],0)),0) | F92: =IFERROR(LOOKUP(2,1/('T_SelfStock'!$B$48:$DA$48<>""),'T_SelfStock'!$B$48:$DA$48),"") | G92: =IFERROR(LOOKUP(2,1/('T_TTAFStock'!$B$48:$DA$48<>""),'T_TTAFStock'!$B$48:$DA$48),"") | H92: =IFERROR(LOOKUP(2,1/('T_SelfStock'!$B$48:$DA$48<>""),'T_SelfStock'!$B$5:$DA$5),"") | I92: 実在庫 | J92: =IFERROR(INDEX('Grid_Stock'!$A44:$DA44,1,LOOKUP(2,1/('T_SelfStock'!$B$48:$DA$48<>""),COLUMN('T_SelfStock'!$B$48:$DA$48)))-INDEX('Grid_TheoreticalStock'!$A44:$DA44,1,LOOKUP(2,1/('T_SelfStock'!$B$48:$DA$48<>""),COLUMN('T_SelfStock'!$B$48:$DA$48))),0) | K92: ='Grid_Stock'!B44 | L92: ='Grid_Stock'!C44 | M92: ='Grid_Stock'!D44 | N92: ='Grid_Stock'!E44 | O92: ='Grid_Stock'!F44 | P92: ='Grid_Stock'!G44 | Q92: ='Grid_Stock'!H44 | R92: ='Grid_Stock'!I44 | ... DJ92: ='Grid_Stock'!DA44
A93: CHEM-1450 | B93: =IFERROR(INDEX(M_RawMaterials[Description],MATCH($A93,M_RawMaterials[Part Name],0)),"") | C93: =IFERROR(INDEX(M_RawMaterials[Category],MATCH($A93,M_RawMaterials[Part Name],0)),"") | D93: =IFERROR(INDEX(M_RawMaterials[基準在庫下限_要入力],MATCH($A93,M_RawMaterials[Part Name],0)),0) | E93: =IFERROR(INDEX(M_RawMaterials[基準在庫上限_要入力],MATCH($A93,M_RawMaterials[Part Name],0)),0) | F93: =IFERROR(LOOKUP(2,1/('T_SelfStock'!$B$49:$DA$49<>""),'T_SelfStock'!$B$49:$DA$49),"") | G93: =IFERROR(LOOKUP(2,1/('T_TTAFStock'!$B$49:$DA$49<>""),'T_TTAFStock'!$B$49:$DA$49),"") | H93: =IFERROR(LOOKUP(2,1/('T_SelfStock'!$B$49:$DA$49<>""),'T_SelfStock'!$B$5:$DA$5),"") | I93: 理論在庫 | J93: =IFERROR(INDEX('Grid_Stock'!$A45:$DA45,1,LOOKUP(2,1/('T_SelfStock'!$B$49:$DA$49<>""),COLUMN('T_SelfStock'!$B$49:$DA$49)))-INDEX('Grid_TheoreticalStock'!$A45:$DA45,1,LOOKUP(2,1/('T_SelfStock'!$B$49:$DA$49<>""),COLUMN('T_SelfStock'!$B$49:$DA$49))),0) | K93: ='Grid_TheoreticalStock'!B45 | L93: ='Grid_TheoreticalStock'!C45 | M93: ='Grid_TheoreticalStock'!D45 | N93: ='Grid_TheoreticalStock'!E45 | O93: ='Grid_TheoreticalStock'!F45 | P93: ='Grid_TheoreticalStock'!G45 | Q93: ='Grid_TheoreticalStock'!H45 | R93: ='Grid_TheoreticalStock'!I45 | ... DJ93: ='Grid_TheoreticalStock'!DA45
A94: CHEM-1450 | B94: =IFERROR(INDEX(M_RawMaterials[Description],MATCH($A94,M_RawMaterials[Part Name],0)),"") | C94: =IFERROR(INDEX(M_RawMaterials[Category],MATCH($A94,M_RawMaterials[Part Name],0)),"") | D94: =IFERROR(INDEX(M_RawMaterials[基準在庫下限_要入力],MATCH($A94,M_RawMaterials[Part Name],0)),0) | E94: =IFERROR(INDEX(M_RawMaterials[基準在庫上限_要入力],MATCH($A94,M_RawMaterials[Part Name],0)),0) | F94: =IFERROR(LOOKUP(2,1/('T_SelfStock'!$B$49:$DA$49<>""),'T_SelfStock'!$B$49:$DA$49),"") | G94: =IFERROR(LOOKUP(2,1/('T_TTAFStock'!$B$49:$DA$49<>""),'T_TTAFStock'!$B$49:$DA$49),"") | H94: =IFERROR(LOOKUP(2,1/('T_SelfStock'!$B$49:$DA$49<>""),'T_SelfStock'!$B$5:$DA$5),"") | I94: 実在庫 | J94: =IFERROR(INDEX('Grid_Stock'!$A45:$DA45,1,LOOKUP(2,1/('T_SelfStock'!$B$49:$DA$49<>""),COLUMN('T_SelfStock'!$B$49:$DA$49)))-INDEX('Grid_TheoreticalStock'!$A45:$DA45,1,LOOKUP(2,1/('T_SelfStock'!$B$49:$DA$49<>""),COLUMN('T_SelfStock'!$B$49:$DA$49))),0) | K94: ='Grid_Stock'!B45 | L94: ='Grid_Stock'!C45 | M94: ='Grid_Stock'!D45 | N94: ='Grid_Stock'!E45 | O94: ='Grid_Stock'!F45 | P94: ='Grid_Stock'!G45 | Q94: ='Grid_Stock'!H45 | R94: ='Grid_Stock'!I45 | ... DJ94: ='Grid_Stock'!DA45
A95: CHEM-1770 | B95: =IFERROR(INDEX(M_RawMaterials[Description],MATCH($A95,M_RawMaterials[Part Name],0)),"") | C95: =IFERROR(INDEX(M_RawMaterials[Category],MATCH($A95,M_RawMaterials[Part Name],0)),"") | D95: =IFERROR(INDEX(M_RawMaterials[基準在庫下限_要入力],MATCH($A95,M_RawMaterials[Part Name],0)),0) | E95: =IFERROR(INDEX(M_RawMaterials[基準在庫上限_要入力],MATCH($A95,M_RawMaterials[Part Name],0)),0) | F95: =IFERROR(LOOKUP(2,1/('T_SelfStock'!$B$50:$DA$50<>""),'T_SelfStock'!$B$50:$DA$50),"") | G95: =IFERROR(LOOKUP(2,1/('T_TTAFStock'!$B$50:$DA$50<>""),'T_TTAFStock'!$B$50:$DA$50),"") | H95: =IFERROR(LOOKUP(2,1/('T_SelfStock'!$B$50:$DA$50<>""),'T_SelfStock'!$B$5:$DA$5),"") | I95: 理論在庫 | J95: =IFERROR(INDEX('Grid_Stock'!$A46:$DA46,1,LOOKUP(2,1/('T_SelfStock'!$B$50:$DA$50<>""),COLUMN('T_SelfStock'!$B$50:$DA$50)))-INDEX('Grid_TheoreticalStock'!$A46:$DA46,1,LOOKUP(2,1/('T_SelfStock'!$B$50:$DA$50<>""),COLUMN('T_SelfStock'!$B$50:$DA$50))),0) | K95: ='Grid_TheoreticalStock'!B46 | L95: ='Grid_TheoreticalStock'!C46 | M95: ='Grid_TheoreticalStock'!D46 | N95: ='Grid_TheoreticalStock'!E46 | O95: ='Grid_TheoreticalStock'!F46 | P95: ='Grid_TheoreticalStock'!G46 | Q95: ='Grid_TheoreticalStock'!H46 | R95: ='Grid_TheoreticalStock'!I46 | ... DJ95: ='Grid_TheoreticalStock'!DA46
A96: CHEM-1770 | B96: =IFERROR(INDEX(M_RawMaterials[Description],MATCH($A96,M_RawMaterials[Part Name],0)),"") | C96: =IFERROR(INDEX(M_RawMaterials[Category],MATCH($A96,M_RawMaterials[Part Name],0)),"") | D96: =IFERROR(INDEX(M_RawMaterials[基準在庫下限_要入力],MATCH($A96,M_RawMaterials[Part Name],0)),0) | E96: =IFERROR(INDEX(M_RawMaterials[基準在庫上限_要入力],MATCH($A96,M_RawMaterials[Part Name],0)),0) | F96: =IFERROR(LOOKUP(2,1/('T_SelfStock'!$B$50:$DA$50<>""),'T_SelfStock'!$B$50:$DA$50),"") | G96: =IFERROR(LOOKUP(2,1/('T_TTAFStock'!$B$50:$DA$50<>""),'T_TTAFStock'!$B$50:$DA$50),"") | H96: =IFERROR(LOOKUP(2,1/('T_SelfStock'!$B$50:$DA$50<>""),'T_SelfStock'!$B$5:$DA$5),"") | I96: 実在庫 | J96: =IFERROR(INDEX('Grid_Stock'!$A46:$DA46,1,LOOKUP(2,1/('T_SelfStock'!$B$50:$DA$50<>""),COLUMN('T_SelfStock'!$B$50:$DA$50)))-INDEX('Grid_TheoreticalStock'!$A46:$DA46,1,LOOKUP(2,1/('T_SelfStock'!$B$50:$DA$50<>""),COLUMN('T_SelfStock'!$B$50:$DA$50))),0) | K96: ='Grid_Stock'!B46 | L96: ='Grid_Stock'!C46 | M96: ='Grid_Stock'!D46 | N96: ='Grid_Stock'!E46 | O96: ='Grid_Stock'!F46 | P96: ='Grid_Stock'!G46 | Q96: ='Grid_Stock'!H46 | R96: ='Grid_Stock'!I46 | ... DJ96: ='Grid_Stock'!DA46
A97: CHEM-1430 | B97: =IFERROR(INDEX(M_RawMaterials[Description],MATCH($A97,M_RawMaterials[Part Name],0)),"") | C97: =IFERROR(INDEX(M_RawMaterials[Category],MATCH($A97,M_RawMaterials[Part Name],0)),"") | D97: =IFERROR(INDEX(M_RawMaterials[基準在庫下限_要入力],MATCH($A97,M_RawMaterials[Part Name],0)),0) | E97: =IFERROR(INDEX(M_RawMaterials[基準在庫上限_要入力],MATCH($A97,M_RawMaterials[Part Name],0)),0) | F97: =IFERROR(LOOKUP(2,1/('T_SelfStock'!$B$51:$DA$51<>""),'T_SelfStock'!$B$51:$DA$51),"") | G97: =IFERROR(LOOKUP(2,1/('T_TTAFStock'!$B$51:$DA$51<>""),'T_TTAFStock'!$B$51:$DA$51),"") | H97: =IFERROR(LOOKUP(2,1/('T_SelfStock'!$B$51:$DA$51<>""),'T_SelfStock'!$B$5:$DA$5),"") | I97: 理論在庫 | J97: =IFERROR(INDEX('Grid_Stock'!$A47:$DA47,1,LOOKUP(2,1/('T_SelfStock'!$B$51:$DA$51<>""),COLUMN('T_SelfStock'!$B$51:$DA$51)))-INDEX('Grid_TheoreticalStock'!$A47:$DA47,1,LOOKUP(2,1/('T_SelfStock'!$B$51:$DA$51<>""),COLUMN('T_SelfStock'!$B$51:$DA$51))),0) | K97: ='Grid_TheoreticalStock'!B47 | L97: ='Grid_TheoreticalStock'!C47 | M97: ='Grid_TheoreticalStock'!D47 | N97: ='Grid_TheoreticalStock'!E47 | O97: ='Grid_TheoreticalStock'!F47 | P97: ='Grid_TheoreticalStock'!G47 | Q97: ='Grid_TheoreticalStock'!H47 | R97: ='Grid_TheoreticalStock'!I47 | ... DJ97: ='Grid_TheoreticalStock'!DA47
A98: CHEM-1430 | B98: =IFERROR(INDEX(M_RawMaterials[Description],MATCH($A98,M_RawMaterials[Part Name],0)),"") | C98: =IFERROR(INDEX(M_RawMaterials[Category],MATCH($A98,M_RawMaterials[Part Name],0)),"") | D98: =IFERROR(INDEX(M_RawMaterials[基準在庫下限_要入力],MATCH($A98,M_RawMaterials[Part Name],0)),0) | E98: =IFERROR(INDEX(M_RawMaterials[基準在庫上限_要入力],MATCH($A98,M_RawMaterials[Part Name],0)),0) | F98: =IFERROR(LOOKUP(2,1/('T_SelfStock'!$B$51:$DA$51<>""),'T_SelfStock'!$B$51:$DA$51),"") | G98: =IFERROR(LOOKUP(2,1/('T_TTAFStock'!$B$51:$DA$51<>""),'T_TTAFStock'!$B$51:$DA$51),"") | H98: =IFERROR(LOOKUP(2,1/('T_SelfStock'!$B$51:$DA$51<>""),'T_SelfStock'!$B$5:$DA$5),"") | I98: 実在庫 | J98: =IFERROR(INDEX('Grid_Stock'!$A47:$DA47,1,LOOKUP(2,1/('T_SelfStock'!$B$51:$DA$51<>""),COLUMN('T_SelfStock'!$B$51:$DA$51)))-INDEX('Grid_TheoreticalStock'!$A47:$DA47,1,LOOKUP(2,1/('T_SelfStock'!$B$51:$DA$51<>""),COLUMN('T_SelfStock'!$B$51:$DA$51))),0) | K98: ='Grid_Stock'!B47 | L98: ='Grid_Stock'!C47 | M98: ='Grid_Stock'!D47 | N98: ='Grid_Stock'!E47 | O98: ='Grid_Stock'!F47 | P98: ='Grid_Stock'!G47 | Q98: ='Grid_Stock'!H47 | R98: ='Grid_Stock'!I47 | ... DJ98: ='Grid_Stock'!DA47
A99: CHEM-1470 | B99: =IFERROR(INDEX(M_RawMaterials[Description],MATCH($A99,M_RawMaterials[Part Name],0)),"") | C99: =IFERROR(INDEX(M_RawMaterials[Category],MATCH($A99,M_RawMaterials[Part Name],0)),"") | D99: =IFERROR(INDEX(M_RawMaterials[基準在庫下限_要入力],MATCH($A99,M_RawMaterials[Part Name],0)),0) | E99: =IFERROR(INDEX(M_RawMaterials[基準在庫上限_要入力],MATCH($A99,M_RawMaterials[Part Name],0)),0) | F99: =IFERROR(LOOKUP(2,1/('T_SelfStock'!$B$52:$DA$52<>""),'T_SelfStock'!$B$52:$DA$52),"") | G99: =IFERROR(LOOKUP(2,1/('T_TTAFStock'!$B$52:$DA$52<>""),'T_TTAFStock'!$B$52:$DA$52),"") | H99: =IFERROR(LOOKUP(2,1/('T_SelfStock'!$B$52:$DA$52<>""),'T_SelfStock'!$B$5:$DA$5),"") | I99: 理論在庫 | J99: =IFERROR(INDEX('Grid_Stock'!$A48:$DA48,1,LOOKUP(2,1/('T_SelfStock'!$B$52:$DA$52<>""),COLUMN('T_SelfStock'!$B$52:$DA$52)))-INDEX('Grid_TheoreticalStock'!$A48:$DA48,1,LOOKUP(2,1/('T_SelfStock'!$B$52:$DA$52<>""),COLUMN('T_SelfStock'!$B$52:$DA$52))),0) | K99: ='Grid_TheoreticalStock'!B48 | L99: ='Grid_TheoreticalStock'!C48 | M99: ='Grid_TheoreticalStock'!D48 | N99: ='Grid_TheoreticalStock'!E48 | O99: ='Grid_TheoreticalStock'!F48 | P99: ='Grid_TheoreticalStock'!G48 | Q99: ='Grid_TheoreticalStock'!H48 | R99: ='Grid_TheoreticalStock'!I48 | ... DJ99: ='Grid_TheoreticalStock'!DA48
A100: CHEM-1470 | B100: =IFERROR(INDEX(M_RawMaterials[Description],MATCH($A100,M_RawMaterials[Part Name],0)),"") | C100: =IFERROR(INDEX(M_RawMaterials[Category],MATCH($A100,M_RawMaterials[Part Name],0)),"") | D100: =IFERROR(INDEX(M_RawMaterials[基準在庫下限_要入力],MATCH($A100,M_RawMaterials[Part Name],0)),0) | E100: =IFERROR(INDEX(M_RawMaterials[基準在庫上限_要入力],MATCH($A100,M_RawMaterials[Part Name],0)),0) | F100: =IFERROR(LOOKUP(2,1/('T_SelfStock'!$B$52:$DA$52<>""),'T_SelfStock'!$B$52:$DA$52),"") | G100: =IFERROR(LOOKUP(2,1/('T_TTAFStock'!$B$52:$DA$52<>""),'T_TTAFStock'!$B$52:$DA$52),"") | H100: =IFERROR(LOOKUP(2,1/('T_SelfStock'!$B$52:$DA$52<>""),'T_SelfStock'!$B$5:$DA$5),"") | I100: 実在庫 | J100: =IFERROR(INDEX('Grid_Stock'!$A48:$DA48,1,LOOKUP(2,1/('T_SelfStock'!$B$52:$DA$52<>""),COLUMN('T_SelfStock'!$B$52:$DA$52)))-INDEX('Grid_TheoreticalStock'!$A48:$DA48,1,LOOKUP(2,1/('T_SelfStock'!$B$52:$DA$52<>""),COLUMN('T_SelfStock'!$B$52:$DA$52))),0) | K100: ='Grid_Stock'!B48 | L100: ='Grid_Stock'!C48 | M100: ='Grid_Stock'!D48 | N100: ='Grid_Stock'!E48 | O100: ='Grid_Stock'!F48 | P100: ='Grid_Stock'!G48 | Q100: ='Grid_Stock'!H48 | R100: ='Grid_Stock'!I48 | ... DJ100: ='Grid_Stock'!DA48
A101: CHEM-1010 | B101: =IFERROR(INDEX(M_RawMaterials[Description],MATCH($A101,M_RawMaterials[Part Name],0)),"") | C101: =IFERROR(INDEX(M_RawMaterials[Category],MATCH($A101,M_RawMaterials[Part Name],0)),"") | D101: =IFERROR(INDEX(M_RawMaterials[基準在庫下限_要入力],MATCH($A101,M_RawMaterials[Part Name],0)),0) | E101: =IFERROR(INDEX(M_RawMaterials[基準在庫上限_要入力],MATCH($A101,M_RawMaterials[Part Name],0)),0) | F101: =IFERROR(LOOKUP(2,1/('T_SelfStock'!$B$53:$DA$53<>""),'T_SelfStock'!$B$53:$DA$53),"") | G101: =IFERROR(LOOKUP(2,1/('T_TTAFStock'!$B$53:$DA$53<>""),'T_TTAFStock'!$B$53:$DA$53),"") | H101: =IFERROR(LOOKUP(2,1/('T_SelfStock'!$B$53:$DA$53<>""),'T_SelfStock'!$B$5:$DA$5),"") | I101: 理論在庫 | J101: =IFERROR(INDEX('Grid_Stock'!$A49:$DA49,1,LOOKUP(2,1/('T_SelfStock'!$B$53:$DA$53<>""),COLUMN('T_SelfStock'!$B$53:$DA$53)))-INDEX('Grid_TheoreticalStock'!$A49:$DA49,1,LOOKUP(2,1/('T_SelfStock'!$B$53:$DA$53<>""),COLUMN('T_SelfStock'!$B$53:$DA$53))),0) | K101: ='Grid_TheoreticalStock'!B49 | L101: ='Grid_TheoreticalStock'!C49 | M101: ='Grid_TheoreticalStock'!D49 | N101: ='Grid_TheoreticalStock'!E49 | O101: ='Grid_TheoreticalStock'!F49 | P101: ='Grid_TheoreticalStock'!G49 | Q101: ='Grid_TheoreticalStock'!H49 | R101: ='Grid_TheoreticalStock'!I49 | ... DJ101: ='Grid_TheoreticalStock'!DA49
...

Sheet Material_Detail
A1: 選択週を入力（例: W23。現在年の週Noで検索します） | D1: =IF($C$1="","週Noを入力してください（例: W23）",IF($F$1="","該当週が見つかりません（今年の週Noか確認してください）",INDEX(Cal_Weeks!$E$4:$E$107,$F$1)&" が該当週です（VBA導入時は自動でスクロールします）")) | E1: →WeekIndex | F1: =IFERROR(IF(SUMPRODUCT((Cal_Weeks!$C$4:$C$107=Cal_Weeks!$B$1)*(Cal_Weeks!$D$4:$D$107=VALUE(SUBSTITUTE(UPPER(TRIM($C$1)),"W",""))))=0,"",SUMPRODUCT((Cal_Weeks!$C$4:$C$107=Cal_Weeks!$B$1)*(Cal_Weeks!$D$4:$D$107=VALUE(SUBSTITUTE(UPPER(TRIM($C$1)),"W","")))*(Cal_Weeks!$A$4:$A$107))),"")
D3: ='Cal_Weeks'!G4 | E3: =IF(TEXT('Cal_Weeks'!B5,"mmm-yy")<>TEXT('Cal_Weeks'!B4,"mmm-yy"),'Cal_Weeks'!G5,"") | F3: =IF(TEXT('Cal_Weeks'!B6,"mmm-yy")<>TEXT('Cal_Weeks'!B5,"mmm-yy"),'Cal_Weeks'!G6,"") | G3: =IF(TEXT('Cal_Weeks'!B7,"mmm-yy")<>TEXT('Cal_Weeks'!B6,"mmm-yy"),'Cal_Weeks'!G7,"") | H3: =IF(TEXT('Cal_Weeks'!B8,"mmm-yy")<>TEXT('Cal_Weeks'!B7,"mmm-yy"),'Cal_Weeks'!G8,"") | I3: =IF(TEXT('Cal_Weeks'!B9,"mmm-yy")<>TEXT('Cal_Weeks'!B8,"mmm-yy"),'Cal_Weeks'!G9,"") | J3: =IF(TEXT('Cal_Weeks'!B10,"mmm-yy")<>TEXT('Cal_Weeks'!B9,"mmm-yy"),'Cal_Weeks'!G10,"") | K3: =IF(TEXT('Cal_Weeks'!B11,"mmm-yy")<>TEXT('Cal_Weeks'!B10,"mmm-yy"),'Cal_Weeks'!G11,"") | L3: =IF(TEXT('Cal_Weeks'!B12,"mmm-yy")<>TEXT('Cal_Weeks'!B11,"mmm-yy"),'Cal_Weeks'!G12,"") | M3: =IF(TEXT('Cal_Weeks'!B13,"mmm-yy")<>TEXT('Cal_Weeks'!B12,"mmm-yy"),'Cal_Weeks'!G13,"") | N3: =IF(TEXT('Cal_Weeks'!B14,"mmm-yy")<>TEXT('Cal_Weeks'!B13,"mmm-yy"),'Cal_Weeks'!G14,"") | O3: =IF(TEXT('Cal_Weeks'!B15,"mmm-yy")<>TEXT('Cal_Weeks'!B14,"mmm-yy"),'Cal_Weeks'!G15,"") | P3: =IF(TEXT('Cal_Weeks'!B16,"mmm-yy")<>TEXT('Cal_Weeks'!B15,"mmm-yy"),'Cal_Weeks'!G16,"") | Q3: =IF(TEXT('Cal_Weeks'!B17,"mmm-yy")<>TEXT('Cal_Weeks'!B16,"mmm-yy"),'Cal_Weeks'!G17,"") | R3: =IF(TEXT('Cal_Weeks'!B18,"mmm-yy")<>TEXT('Cal_Weeks'!B17,"mmm-yy"),'Cal_Weeks'!G18,"") | S3: =IF(TEXT('Cal_Weeks'!B19,"mmm-yy")<>TEXT('Cal_Weeks'!B18,"mmm-yy"),'Cal_Weeks'!G19,"") | T3: =IF(TEXT('Cal_Weeks'!B20,"mmm-yy")<>TEXT('Cal_Weeks'!B19,"mmm-yy"),'Cal_Weeks'!G20,"") | U3: =IF(TEXT('Cal_Weeks'!B21,"mmm-yy")<>TEXT('Cal_Weeks'!B20,"mmm-yy"),'Cal_Weeks'!G21,"") | V3: =IF(TEXT('Cal_Weeks'!B22,"mmm-yy")<>TEXT('Cal_Weeks'!B21,"mmm-yy"),'Cal_Weeks'!G22,"") | W3: =IF(TEXT('Cal_Weeks'!B23,"mmm-yy")<>TEXT('Cal_Weeks'!B22,"mmm-yy"),'Cal_Weeks'!G23,"") | X3: =IF(TEXT('Cal_Weeks'!B24,"mmm-yy")<>TEXT('Cal_Weeks'!B23,"mmm-yy"),'Cal_Weeks'!G24,"") | Y3: =IF(TEXT('Cal_Weeks'!B25,"mmm-yy")<>TEXT('Cal_Weeks'!B24,"mmm-yy"),'Cal_Weeks'!G25,"") | Z3: =IF(TEXT('Cal_Weeks'!B26,"mmm-yy")<>TEXT('Cal_Weeks'!B25,"mmm-yy"),'Cal_Weeks'!G26,"") | AA3: =IF(TEXT('Cal_Weeks'!B27,"mmm-yy")<>TEXT('Cal_Weeks'!B26,"mmm-yy"),'Cal_Weeks'!G27,"") | AB3: =IF(TEXT('Cal_Weeks'!B28,"mmm-yy")<>TEXT('Cal_Weeks'!B27,"mmm-yy"),'Cal_Weeks'!G28,"") | AC3: =IF(TEXT('Cal_Weeks'!B29,"mmm-yy")<>TEXT('Cal_Weeks'!B28,"mmm-yy"),'Cal_Weeks'!G29,"") | AD3: =IF(TEXT('Cal_Weeks'!B30,"mmm-yy")<>TEXT('Cal_Weeks'!B29,"mmm-yy"),'Cal_Weeks'!G30,"") | AE3: =IF(TEXT('Cal_Weeks'!B31,"mmm-yy")<>TEXT('Cal_Weeks'!B30,"mmm-yy"),'Cal_Weeks'!G31,"") | AF3: =IF(TEXT('Cal_Weeks'!B32,"mmm-yy")<>TEXT('Cal_Weeks'!B31,"mmm-yy"),'Cal_Weeks'!G32,"") | AG3: =IF(TEXT('Cal_Weeks'!B33,"mmm-yy")<>TEXT('Cal_Weeks'!B32,"mmm-yy"),'Cal_Weeks'!G33,"") | AH3: =IF(TEXT('Cal_Weeks'!B34,"mmm-yy")<>TEXT('Cal_Weeks'!B33,"mmm-yy"),'Cal_Weeks'!G34,"") | AI3: =IF(TEXT('Cal_Weeks'!B35,"mmm-yy")<>TEXT('Cal_Weeks'!B34,"mmm-yy"),'Cal_Weeks'!G35,"") | AJ3: =IF(TEXT('Cal_Weeks'!B36,"mmm-yy")<>TEXT('Cal_Weeks'!B35,"mmm-yy"),'Cal_Weeks'!G36,"") | AK3: =IF(TEXT('Cal_Weeks'!B37,"mmm-yy")<>TEXT('Cal_Weeks'!B36,"mmm-yy"),'Cal_Weeks'!G37,"") | AL3: =IF(TEXT('Cal_Weeks'!B38,"mmm-yy")<>TEXT('Cal_Weeks'!B37,"mmm-yy"),'Cal_Weeks'!G38,"") | AM3: =IF(TEXT('Cal_Weeks'!B39,"mmm-yy")<>TEXT('Cal_Weeks'!B38,"mmm-yy"),'Cal_Weeks'!G39,"") | AN3: =IF(TEXT('Cal_Weeks'!B40,"mmm-yy")<>TEXT('Cal_Weeks'!B39,"mmm-yy"),'Cal_Weeks'!G40,"") | AO3: =IF(TEXT('Cal_Weeks'!B41,"mmm-yy")<>TEXT('Cal_Weeks'!B40,"mmm-yy"),'Cal_Weeks'!G41,"") | AP3: =IF(TEXT('Cal_Weeks'!B42,"mmm-yy")<>TEXT('Cal_Weeks'!B41,"mmm-yy"),'Cal_Weeks'!G42,"") | AQ3: =IF(TEXT('Cal_Weeks'!B43,"mmm-yy")<>TEXT('Cal_Weeks'!B42,"mmm-yy"),'Cal_Weeks'!G43,"") | AR3: =IF(TEXT('Cal_Weeks'!B44,"mmm-yy")<>TEXT('Cal_Weeks'!B43,"mmm-yy"),'Cal_Weeks'!G44,"") | AS3: =IF(TEXT('Cal_Weeks'!B45,"mmm-yy")<>TEXT('Cal_Weeks'!B44,"mmm-yy"),'Cal_Weeks'!G45,"") | AT3: =IF(TEXT('Cal_Weeks'!B46,"mmm-yy")<>TEXT('Cal_Weeks'!B45,"mmm-yy"),'Cal_Weeks'!G46,"") | AU3: =IF(TEXT('Cal_Weeks'!B47,"mmm-yy")<>TEXT('Cal_Weeks'!B46,"mmm-yy"),'Cal_Weeks'!G47,"") | AV3: =IF(TEXT('Cal_Weeks'!B48,"mmm-yy")<>TEXT('Cal_Weeks'!B47,"mmm-yy"),'Cal_Weeks'!G48,"") | AW3: =IF(TEXT('Cal_Weeks'!B49,"mmm-yy")<>TEXT('Cal_Weeks'!B48,"mmm-yy"),'Cal_Weeks'!G49,"") | AX3: =IF(TEXT('Cal_Weeks'!B50,"mmm-yy")<>TEXT('Cal_Weeks'!B49,"mmm-yy"),'Cal_Weeks'!G50,"") | AY3: =IF(TEXT('Cal_Weeks'!B51,"mmm-yy")<>TEXT('Cal_Weeks'!B50,"mmm-yy"),'Cal_Weeks'!G51,"") | AZ3: =IF(TEXT('Cal_Weeks'!B52,"mmm-yy")<>TEXT('Cal_Weeks'!B51,"mmm-yy"),'Cal_Weeks'!G52,"") | BA3: =IF(TEXT('Cal_Weeks'!B53,"mmm-yy")<>TEXT('Cal_Weeks'!B52,"mmm-yy"),'Cal_Weeks'!G53,"") | BB3: =IF(TEXT('Cal_Weeks'!B54,"mmm-yy")<>TEXT('Cal_Weeks'!B53,"mmm-yy"),'Cal_Weeks'!G54,"") | BC3: =IF(TEXT('Cal_Weeks'!B55,"mmm-yy")<>TEXT('Cal_Weeks'!B54,"mmm-yy"),'Cal_Weeks'!G55,"") | BD3: =IF(TEXT('Cal_Weeks'!B56,"mmm-yy")<>TEXT('Cal_Weeks'!B55,"mmm-yy"),'Cal_Weeks'!G56,"") | BE3: =IF(TEXT('Cal_Weeks'!B57,"mmm-yy")<>TEXT('Cal_Weeks'!B56,"mmm-yy"),'Cal_Weeks'!G57,"") | BF3: =IF(TEXT('Cal_Weeks'!B58,"mmm-yy")<>TEXT('Cal_Weeks'!B57,"mmm-yy"),'Cal_Weeks'!G58,"") | BG3: =IF(TEXT('Cal_Weeks'!B59,"mmm-yy")<>TEXT('Cal_Weeks'!B58,"mmm-yy"),'Cal_Weeks'!G59,"") | BH3: =IF(TEXT('Cal_Weeks'!B60,"mmm-yy")<>TEXT('Cal_Weeks'!B59,"mmm-yy"),'Cal_Weeks'!G60,"") | BI3: =IF(TEXT('Cal_Weeks'!B61,"mmm-yy")<>TEXT('Cal_Weeks'!B60,"mmm-yy"),'Cal_Weeks'!G61,"") | BJ3: =IF(TEXT('Cal_Weeks'!B62,"mmm-yy")<>TEXT('Cal_Weeks'!B61,"mmm-yy"),'Cal_Weeks'!G62,"") | BK3: =IF(TEXT('Cal_Weeks'!B63,"mmm-yy")<>TEXT('Cal_Weeks'!B62,"mmm-yy"),'Cal_Weeks'!G63,"") | BL3: =IF(TEXT('Cal_Weeks'!B64,"mmm-yy")<>TEXT('Cal_Weeks'!B63,"mmm-yy"),'Cal_Weeks'!G64,"") | BM3: =IF(TEXT('Cal_Weeks'!B65,"mmm-yy")<>TEXT('Cal_Weeks'!B64,"mmm-yy"),'Cal_Weeks'!G65,"") | BN3: =IF(TEXT('Cal_Weeks'!B66,"mmm-yy")<>TEXT('Cal_Weeks'!B65,"mmm-yy"),'Cal_Weeks'!G66,"") | BO3: =IF(TEXT('Cal_Weeks'!B67,"mmm-yy")<>TEXT('Cal_Weeks'!B66,"mmm-yy"),'Cal_Weeks'!G67,"") | BP3: =IF(TEXT('Cal_Weeks'!B68,"mmm-yy")<>TEXT('Cal_Weeks'!B67,"mmm-yy"),'Cal_Weeks'!G68,"") | BQ3: =IF(TEXT('Cal_Weeks'!B69,"mmm-yy")<>TEXT('Cal_Weeks'!B68,"mmm-yy"),'Cal_Weeks'!G69,"") | BR3: =IF(TEXT('Cal_Weeks'!B70,"mmm-yy")<>TEXT('Cal_Weeks'!B69,"mmm-yy"),'Cal_Weeks'!G70,"") | BS3: =IF(TEXT('Cal_Weeks'!B71,"mmm-yy")<>TEXT('Cal_Weeks'!B70,"mmm-yy"),'Cal_Weeks'!G71,"") | BT3: =IF(TEXT('Cal_Weeks'!B72,"mmm-yy")<>TEXT('Cal_Weeks'!B71,"mmm-yy"),'Cal_Weeks'!G72,"") | BU3: =IF(TEXT('Cal_Weeks'!B73,"mmm-yy")<>TEXT('Cal_Weeks'!B72,"mmm-yy"),'Cal_Weeks'!G73,"") | BV3: =IF(TEXT('Cal_Weeks'!B74,"mmm-yy")<>TEXT('Cal_Weeks'!B73,"mmm-yy"),'Cal_Weeks'!G74,"") | BW3: =IF(TEXT('Cal_Weeks'!B75,"mmm-yy")<>TEXT('Cal_Weeks'!B74,"mmm-yy"),'Cal_Weeks'!G75,"") | BX3: =IF(TEXT('Cal_Weeks'!B76,"mmm-yy")<>TEXT('Cal_Weeks'!B75,"mmm-yy"),'Cal_Weeks'!G76,"") | BY3: =IF(TEXT('Cal_Weeks'!B77,"mmm-yy")<>TEXT('Cal_Weeks'!B76,"mmm-yy"),'Cal_Weeks'!G77,"") | BZ3: =IF(TEXT('Cal_Weeks'!B78,"mmm-yy")<>TEXT('Cal_Weeks'!B77,"mmm-yy"),'Cal_Weeks'!G78,"") | CA3: =IF(TEXT('Cal_Weeks'!B79,"mmm-yy")<>TEXT('Cal_Weeks'!B78,"mmm-yy"),'Cal_Weeks'!G79,"") | CB3: =IF(TEXT('Cal_Weeks'!B80,"mmm-yy")<>TEXT('Cal_Weeks'!B79,"mmm-yy"),'Cal_Weeks'!G80,"") | CC3: =IF(TEXT('Cal_Weeks'!B81,"mmm-yy")<>TEXT('Cal_Weeks'!B80,"mmm-yy"),'Cal_Weeks'!G81,"") | CD3: =IF(TEXT('Cal_Weeks'!B82,"mmm-yy")<>TEXT('Cal_Weeks'!B81,"mmm-yy"),'Cal_Weeks'!G82,"") | CE3: =IF(TEXT('Cal_Weeks'!B83,"mmm-yy")<>TEXT('Cal_Weeks'!B82,"mmm-yy"),'Cal_Weeks'!G83,"") | CF3: =IF(TEXT('Cal_Weeks'!B84,"mmm-yy")<>TEXT('Cal_Weeks'!B83,"mmm-yy"),'Cal_Weeks'!G84,"") | CG3: =IF(TEXT('Cal_Weeks'!B85,"mmm-yy")<>TEXT('Cal_Weeks'!B84,"mmm-yy"),'Cal_Weeks'!G85,"") | CH3: =IF(TEXT('Cal_Weeks'!B86,"mmm-yy")<>TEXT('Cal_Weeks'!B85,"mmm-yy"),'Cal_Weeks'!G86,"") | CI3: =IF(TEXT('Cal_Weeks'!B87,"mmm-yy")<>TEXT('Cal_Weeks'!B86,"mmm-yy"),'Cal_Weeks'!G87,"") | CJ3: =IF(TEXT('Cal_Weeks'!B88,"mmm-yy")<>TEXT('Cal_Weeks'!B87,"mmm-yy"),'Cal_Weeks'!G88,"") | CK3: =IF(TEXT('Cal_Weeks'!B89,"mmm-yy")<>TEXT('Cal_Weeks'!B88,"mmm-yy"),'Cal_Weeks'!G89,"") | CL3: =IF(TEXT('Cal_Weeks'!B90,"mmm-yy")<>TEXT('Cal_Weeks'!B89,"mmm-yy"),'Cal_Weeks'!G90,"") | CM3: =IF(TEXT('Cal_Weeks'!B91,"mmm-yy")<>TEXT('Cal_Weeks'!B90,"mmm-yy"),'Cal_Weeks'!G91,"") | CN3: =IF(TEXT('Cal_Weeks'!B92,"mmm-yy")<>TEXT('Cal_Weeks'!B91,"mmm-yy"),'Cal_Weeks'!G92,"") | CO3: =IF(TEXT('Cal_Weeks'!B93,"mmm-yy")<>TEXT('Cal_Weeks'!B92,"mmm-yy"),'Cal_Weeks'!G93,"") | CP3: =IF(TEXT('Cal_Weeks'!B94,"mmm-yy")<>TEXT('Cal_Weeks'!B93,"mmm-yy"),'Cal_Weeks'!G94,"") | CQ3: =IF(TEXT('Cal_Weeks'!B95,"mmm-yy")<>TEXT('Cal_Weeks'!B94,"mmm-yy"),'Cal_Weeks'!G95,"") | CR3: =IF(TEXT('Cal_Weeks'!B96,"mmm-yy")<>TEXT('Cal_Weeks'!B95,"mmm-yy"),'Cal_Weeks'!G96,"") | CS3: =IF(TEXT('Cal_Weeks'!B97,"mmm-yy")<>TEXT('Cal_Weeks'!B96,"mmm-yy"),'Cal_Weeks'!G97,"") | CT3: =IF(TEXT('Cal_Weeks'!B98,"mmm-yy")<>TEXT('Cal_Weeks'!B97,"mmm-yy"),'Cal_Weeks'!G98,"") | CU3: =IF(TEXT('Cal_Weeks'!B99,"mmm-yy")<>TEXT('Cal_Weeks'!B98,"mmm-yy"),'Cal_Weeks'!G99,"") | CV3: =IF(TEXT('Cal_Weeks'!B100,"mmm-yy")<>TEXT('Cal_Weeks'!B99,"mmm-yy"),'Cal_Weeks'!G100,"") | CW3: =IF(TEXT('Cal_Weeks'!B101,"mmm-yy")<>TEXT('Cal_Weeks'!B100,"mmm-yy"),'Cal_Weeks'!G101,"") | CX3: =IF(TEXT('Cal_Weeks'!B102,"mmm-yy")<>TEXT('Cal_Weeks'!B101,"mmm-yy"),'Cal_Weeks'!G102,"") | CY3: =IF(TEXT('Cal_Weeks'!B103,"mmm-yy")<>TEXT('Cal_Weeks'!B102,"mmm-yy"),'Cal_Weeks'!G103,"") | CZ3: =IF(TEXT('Cal_Weeks'!B104,"mmm-yy")<>TEXT('Cal_Weeks'!B103,"mmm-yy"),'Cal_Weeks'!G104,"") | DA3: =IF(TEXT('Cal_Weeks'!B105,"mmm-yy")<>TEXT('Cal_Weeks'!B104,"mmm-yy"),'Cal_Weeks'!G105,"") | DB3: =IF(TEXT('Cal_Weeks'!B106,"mmm-yy")<>TEXT('Cal_Weeks'!B105,"mmm-yy"),'Cal_Weeks'!G106,"") | DC3: =IF(TEXT('Cal_Weeks'!B107,"mmm-yy")<>TEXT('Cal_Weeks'!B106,"mmm-yy"),'Cal_Weeks'!G107,"")
D4: ='Cal_Weeks'!B4 | E4: ='Cal_Weeks'!B5 | F4: ='Cal_Weeks'!B6 | G4: ='Cal_Weeks'!B7 | H4: ='Cal_Weeks'!B8 | I4: ='Cal_Weeks'!B9 | J4: ='Cal_Weeks'!B10 | K4: ='Cal_Weeks'!B11 | L4: ='Cal_Weeks'!B12 | M4: ='Cal_Weeks'!B13 | N4: ='Cal_Weeks'!B14 | O4: ='Cal_Weeks'!B15 | P4: ='Cal_Weeks'!B16 | Q4: ='Cal_Weeks'!B17 | R4: ='Cal_Weeks'!B18 | S4: ='Cal_Weeks'!B19 | T4: ='Cal_Weeks'!B20 | U4: ='Cal_Weeks'!B21 | V4: ='Cal_Weeks'!B22 | W4: ='Cal_Weeks'!B23 | X4: ='Cal_Weeks'!B24 | Y4: ='Cal_Weeks'!B25 | Z4: ='Cal_Weeks'!B26 | AA4: ='Cal_Weeks'!B27 | AB4: ='Cal_Weeks'!B28 | AC4: ='Cal_Weeks'!B29 | AD4: ='Cal_Weeks'!B30 | AE4: ='Cal_Weeks'!B31 | AF4: ='Cal_Weeks'!B32 | AG4: ='Cal_Weeks'!B33 | AH4: ='Cal_Weeks'!B34 | AI4: ='Cal_Weeks'!B35 | AJ4: ='Cal_Weeks'!B36 | AK4: ='Cal_Weeks'!B37 | AL4: ='Cal_Weeks'!B38 | AM4: ='Cal_Weeks'!B39 | AN4: ='Cal_Weeks'!B40 | AO4: ='Cal_Weeks'!B41 | AP4: ='Cal_Weeks'!B42 | AQ4: ='Cal_Weeks'!B43 | AR4: ='Cal_Weeks'!B44 | AS4: ='Cal_Weeks'!B45 | AT4: ='Cal_Weeks'!B46 | AU4: ='Cal_Weeks'!B47 | AV4: ='Cal_Weeks'!B48 | AW4: ='Cal_Weeks'!B49 | AX4: ='Cal_Weeks'!B50 | AY4: ='Cal_Weeks'!B51 | AZ4: ='Cal_Weeks'!B52 | BA4: ='Cal_Weeks'!B53 | BB4: ='Cal_Weeks'!B54 | BC4: ='Cal_Weeks'!B55 | BD4: ='Cal_Weeks'!B56 | BE4: ='Cal_Weeks'!B57 | BF4: ='Cal_Weeks'!B58 | BG4: ='Cal_Weeks'!B59 | BH4: ='Cal_Weeks'!B60 | BI4: ='Cal_Weeks'!B61 | BJ4: ='Cal_Weeks'!B62 | BK4: ='Cal_Weeks'!B63 | BL4: ='Cal_Weeks'!B64 | BM4: ='Cal_Weeks'!B65 | BN4: ='Cal_Weeks'!B66 | BO4: ='Cal_Weeks'!B67 | BP4: ='Cal_Weeks'!B68 | BQ4: ='Cal_Weeks'!B69 | BR4: ='Cal_Weeks'!B70 | BS4: ='Cal_Weeks'!B71 | BT4: ='Cal_Weeks'!B72 | BU4: ='Cal_Weeks'!B73 | BV4: ='Cal_Weeks'!B74 | BW4: ='Cal_Weeks'!B75 | BX4: ='Cal_Weeks'!B76 | BY4: ='Cal_Weeks'!B77 | BZ4: ='Cal_Weeks'!B78 | CA4: ='Cal_Weeks'!B79 | CB4: ='Cal_Weeks'!B80 | CC4: ='Cal_Weeks'!B81 | CD4: ='Cal_Weeks'!B82 | CE4: ='Cal_Weeks'!B83 | CF4: ='Cal_Weeks'!B84 | CG4: ='Cal_Weeks'!B85 | CH4: ='Cal_Weeks'!B86 | CI4: ='Cal_Weeks'!B87 | CJ4: ='Cal_Weeks'!B88 | CK4: ='Cal_Weeks'!B89 | CL4: ='Cal_Weeks'!B90 | CM4: ='Cal_Weeks'!B91 | CN4: ='Cal_Weeks'!B92 | CO4: ='Cal_Weeks'!B93 | CP4: ='Cal_Weeks'!B94 | CQ4: ='Cal_Weeks'!B95 | CR4: ='Cal_Weeks'!B96 | CS4: ='Cal_Weeks'!B97 | CT4: ='Cal_Weeks'!B98 | CU4: ='Cal_Weeks'!B99 | CV4: ='Cal_Weeks'!B100 | CW4: ='Cal_Weeks'!B101 | CX4: ='Cal_Weeks'!B102 | CY4: ='Cal_Weeks'!B103 | CZ4: ='Cal_Weeks'!B104 | DA4: ='Cal_Weeks'!B105 | DB4: ='Cal_Weeks'!B106 | DC4: ='Cal_Weeks'!B107
D5: ='Cal_Weeks'!D4 | E5: ='Cal_Weeks'!D5 | F5: ='Cal_Weeks'!D6 | G5: ='Cal_Weeks'!D7 | H5: ='Cal_Weeks'!D8 | I5: ='Cal_Weeks'!D9 | J5: ='Cal_Weeks'!D10 | K5: ='Cal_Weeks'!D11 | L5: ='Cal_Weeks'!D12 | M5: ='Cal_Weeks'!D13 | N5: ='Cal_Weeks'!D14 | O5: ='Cal_Weeks'!D15 | P5: ='Cal_Weeks'!D16 | Q5: ='Cal_Weeks'!D17 | R5: ='Cal_Weeks'!D18 | S5: ='Cal_Weeks'!D19 | T5: ='Cal_Weeks'!D20 | U5: ='Cal_Weeks'!D21 | V5: ='Cal_Weeks'!D22 | W5: ='Cal_Weeks'!D23 | X5: ='Cal_Weeks'!D24 | Y5: ='Cal_Weeks'!D25 | Z5: ='Cal_Weeks'!D26 | AA5: ='Cal_Weeks'!D27 | AB5: ='Cal_Weeks'!D28 | AC5: ='Cal_Weeks'!D29 | AD5: ='Cal_Weeks'!D30 | AE5: ='Cal_Weeks'!D31 | AF5: ='Cal_Weeks'!D32 | AG5: ='Cal_Weeks'!D33 | AH5: ='Cal_Weeks'!D34 | AI5: ='Cal_Weeks'!D35 | AJ5: ='Cal_Weeks'!D36 | AK5: ='Cal_Weeks'!D37 | AL5: ='Cal_Weeks'!D38 | AM5: ='Cal_Weeks'!D39 | AN5: ='Cal_Weeks'!D40 | AO5: ='Cal_Weeks'!D41 | AP5: ='Cal_Weeks'!D42 | AQ5: ='Cal_Weeks'!D43 | AR5: ='Cal_Weeks'!D44 | AS5: ='Cal_Weeks'!D45 | AT5: ='Cal_Weeks'!D46 | AU5: ='Cal_Weeks'!D47 | AV5: ='Cal_Weeks'!D48 | AW5: ='Cal_Weeks'!D49 | AX5: ='Cal_Weeks'!D50 | AY5: ='Cal_Weeks'!D51 | AZ5: ='Cal_Weeks'!D52 | BA5: ='Cal_Weeks'!D53 | BB5: ='Cal_Weeks'!D54 | BC5: ='Cal_Weeks'!D55 | BD5: ='Cal_Weeks'!D56 | BE5: ='Cal_Weeks'!D57 | BF5: ='Cal_Weeks'!D58 | BG5: ='Cal_Weeks'!D59 | BH5: ='Cal_Weeks'!D60 | BI5: ='Cal_Weeks'!D61 | BJ5: ='Cal_Weeks'!D62 | BK5: ='Cal_Weeks'!D63 | BL5: ='Cal_Weeks'!D64 | BM5: ='Cal_Weeks'!D65 | BN5: ='Cal_Weeks'!D66 | BO5: ='Cal_Weeks'!D67 | BP5: ='Cal_Weeks'!D68 | BQ5: ='Cal_Weeks'!D69 | BR5: ='Cal_Weeks'!D70 | BS5: ='Cal_Weeks'!D71 | BT5: ='Cal_Weeks'!D72 | BU5: ='Cal_Weeks'!D73 | BV5: ='Cal_Weeks'!D74 | BW5: ='Cal_Weeks'!D75 | BX5: ='Cal_Weeks'!D76 | BY5: ='Cal_Weeks'!D77 | BZ5: ='Cal_Weeks'!D78 | CA5: ='Cal_Weeks'!D79 | CB5: ='Cal_Weeks'!D80 | CC5: ='Cal_Weeks'!D81 | CD5: ='Cal_Weeks'!D82 | CE5: ='Cal_Weeks'!D83 | CF5: ='Cal_Weeks'!D84 | CG5: ='Cal_Weeks'!D85 | CH5: ='Cal_Weeks'!D86 | CI5: ='Cal_Weeks'!D87 | CJ5: ='Cal_Weeks'!D88 | CK5: ='Cal_Weeks'!D89 | CL5: ='Cal_Weeks'!D90 | CM5: ='Cal_Weeks'!D91 | CN5: ='Cal_Weeks'!D92 | CO5: ='Cal_Weeks'!D93 | CP5: ='Cal_Weeks'!D94 | CQ5: ='Cal_Weeks'!D95 | CR5: ='Cal_Weeks'!D96 | CS5: ='Cal_Weeks'!D97 | CT5: ='Cal_Weeks'!D98 | CU5: ='Cal_Weeks'!D99 | CV5: ='Cal_Weeks'!D100 | CW5: ='Cal_Weeks'!D101 | CX5: ='Cal_Weeks'!D102 | CY5: ='Cal_Weeks'!D103 | CZ5: ='Cal_Weeks'!D104 | DA5: ='Cal_Weeks'!D105 | DB5: ='Cal_Weeks'!D106 | DC5: ='Cal_Weeks'!D107
A6: Part Name | B6: 項目 | C6: 1バッチ使用量(kg) | D6: ='Cal_Weeks'!E4 | E6: ='Cal_Weeks'!E5 | F6: ='Cal_Weeks'!E6 | G6: ='Cal_Weeks'!E7 | H6: ='Cal_Weeks'!E8 | I6: ='Cal_Weeks'!E9 | J6: ='Cal_Weeks'!E10 | K6: ='Cal_Weeks'!E11 | L6: ='Cal_Weeks'!E12 | M6: ='Cal_Weeks'!E13 | N6: ='Cal_Weeks'!E14 | O6: ='Cal_Weeks'!E15 | P6: ='Cal_Weeks'!E16 | Q6: ='Cal_Weeks'!E17 | R6: ='Cal_Weeks'!E18 | S6: ='Cal_Weeks'!E19 | T6: ='Cal_Weeks'!E20 | U6: ='Cal_Weeks'!E21 | V6: ='Cal_Weeks'!E22 | W6: ='Cal_Weeks'!E23 | X6: ='Cal_Weeks'!E24 | Y6: ='Cal_Weeks'!E25 | Z6: ='Cal_Weeks'!E26 | AA6: ='Cal_Weeks'!E27 | AB6: ='Cal_Weeks'!E28 | AC6: ='Cal_Weeks'!E29 | AD6: ='Cal_Weeks'!E30 | AE6: ='Cal_Weeks'!E31 | AF6: ='Cal_Weeks'!E32 | AG6: ='Cal_Weeks'!E33 | AH6: ='Cal_Weeks'!E34 | AI6: ='Cal_Weeks'!E35 | AJ6: ='Cal_Weeks'!E36 | AK6: ='Cal_Weeks'!E37 | AL6: ='Cal_Weeks'!E38 | AM6: ='Cal_Weeks'!E39 | AN6: ='Cal_Weeks'!E40 | AO6: ='Cal_Weeks'!E41 | AP6: ='Cal_Weeks'!E42 | AQ6: ='Cal_Weeks'!E43 | AR6: ='Cal_Weeks'!E44 | AS6: ='Cal_Weeks'!E45 | AT6: ='Cal_Weeks'!E46 | AU6: ='Cal_Weeks'!E47 | AV6: ='Cal_Weeks'!E48 | AW6: ='Cal_Weeks'!E49 | AX6: ='Cal_Weeks'!E50 | AY6: ='Cal_Weeks'!E51 | AZ6: ='Cal_Weeks'!E52 | BA6: ='Cal_Weeks'!E53 | BB6: ='Cal_Weeks'!E54 | BC6: ='Cal_Weeks'!E55 | BD6: ='Cal_Weeks'!E56 | BE6: ='Cal_Weeks'!E57 | BF6: ='Cal_Weeks'!E58 | BG6: ='Cal_Weeks'!E59 | BH6: ='Cal_Weeks'!E60 | BI6: ='Cal_Weeks'!E61 | BJ6: ='Cal_Weeks'!E62 | BK6: ='Cal_Weeks'!E63 | BL6: ='Cal_Weeks'!E64 | BM6: ='Cal_Weeks'!E65 | BN6: ='Cal_Weeks'!E66 | BO6: ='Cal_Weeks'!E67 | BP6: ='Cal_Weeks'!E68 | BQ6: ='Cal_Weeks'!E69 | BR6: ='Cal_Weeks'!E70 | BS6: ='Cal_Weeks'!E71 | BT6: ='Cal_Weeks'!E72 | BU6: ='Cal_Weeks'!E73 | BV6: ='Cal_Weeks'!E74 | BW6: ='Cal_Weeks'!E75 | BX6: ='Cal_Weeks'!E76 | BY6: ='Cal_Weeks'!E77 | BZ6: ='Cal_Weeks'!E78 | CA6: ='Cal_Weeks'!E79 | CB6: ='Cal_Weeks'!E80 | CC6: ='Cal_Weeks'!E81 | CD6: ='Cal_Weeks'!E82 | CE6: ='Cal_Weeks'!E83 | CF6: ='Cal_Weeks'!E84 | CG6: ='Cal_Weeks'!E85 | CH6: ='Cal_Weeks'!E86 | CI6: ='Cal_Weeks'!E87 | CJ6: ='Cal_Weeks'!E88 | CK6: ='Cal_Weeks'!E89 | CL6: ='Cal_Weeks'!E90 | CM6: ='Cal_Weeks'!E91 | CN6: ='Cal_Weeks'!E92 | CO6: ='Cal_Weeks'!E93 | CP6: ='Cal_Weeks'!E94 | CQ6: ='Cal_Weeks'!E95 | CR6: ='Cal_Weeks'!E96 | CS6: ='Cal_Weeks'!E97 | CT6: ='Cal_Weeks'!E98 | CU6: ='Cal_Weeks'!E99 | CV6: ='Cal_Weeks'!E100 | CW6: ='Cal_Weeks'!E101 | CX6: ='Cal_Weeks'!E102 | CY6: ='Cal_Weeks'!E103 | CZ6: ='Cal_Weeks'!E104 | DA6: ='Cal_Weeks'!E105 | DB6: ='Cal_Weeks'!E106 | DC6: ='Cal_Weeks'!E107
A7: 7EP | B7: TTAF 44FK13093100
B8: 0Q120 | C8: No. of batches | D8: =IFERROR(INDEX(PP_Grid[#Data],$DD8,2),0) | E8: =IFERROR(INDEX(PP_Grid[#Data],$DD8,3),0) | F8: =IFERROR(INDEX(PP_Grid[#Data],$DD8,4),0) | G8: =IFERROR(INDEX(PP_Grid[#Data],$DD8,5),0) | H8: =IFERROR(INDEX(PP_Grid[#Data],$DD8,6),0) | I8: =IFERROR(INDEX(PP_Grid[#Data],$DD8,7),0) | J8: =IFERROR(INDEX(PP_Grid[#Data],$DD8,8),0) | K8: =IFERROR(INDEX(PP_Grid[#Data],$DD8,9),0) | L8: =IFERROR(INDEX(PP_Grid[#Data],$DD8,10),0) | M8: =IFERROR(INDEX(PP_Grid[#Data],$DD8,11),0) | N8: =IFERROR(INDEX(PP_Grid[#Data],$DD8,12),0) | O8: =IFERROR(INDEX(PP_Grid[#Data],$DD8,13),0) | P8: =IFERROR(INDEX(PP_Grid[#Data],$DD8,14),0) | Q8: =IFERROR(INDEX(PP_Grid[#Data],$DD8,15),0) | R8: =IFERROR(INDEX(PP_Grid[#Data],$DD8,16),0) | S8: =IFERROR(INDEX(PP_Grid[#Data],$DD8,17),0) | T8: =IFERROR(INDEX(PP_Grid[#Data],$DD8,18),0) | U8: =IFERROR(INDEX(PP_Grid[#Data],$DD8,19),0) | V8: =IFERROR(INDEX(PP_Grid[#Data],$DD8,20),0) | W8: =IFERROR(INDEX(PP_Grid[#Data],$DD8,21),0) | X8: =IFERROR(INDEX(PP_Grid[#Data],$DD8,22),0) | Y8: =IFERROR(INDEX(PP_Grid[#Data],$DD8,23),0) | Z8: =IFERROR(INDEX(PP_Grid[#Data],$DD8,24),0) | AA8: =IFERROR(INDEX(PP_Grid[#Data],$DD8,25),0) | AB8: =IFERROR(INDEX(PP_Grid[#Data],$DD8,26),0) | AC8: =IFERROR(INDEX(PP_Grid[#Data],$DD8,27),0) | AD8: =IFERROR(INDEX(PP_Grid[#Data],$DD8,28),0) | AE8: =IFERROR(INDEX(PP_Grid[#Data],$DD8,29),0) | AF8: =IFERROR(INDEX(PP_Grid[#Data],$DD8,30),0) | AG8: =IFERROR(INDEX(PP_Grid[#Data],$DD8,31),0) | AH8: =IFERROR(INDEX(PP_Grid[#Data],$DD8,32),0) | AI8: =IFERROR(INDEX(PP_Grid[#Data],$DD8,33),0) | AJ8: =IFERROR(INDEX(PP_Grid[#Data],$DD8,34),0) | AK8: =IFERROR(INDEX(PP_Grid[#Data],$DD8,35),0) | AL8: =IFERROR(INDEX(PP_Grid[#Data],$DD8,36),0) | AM8: =IFERROR(INDEX(PP_Grid[#Data],$DD8,37),0) | AN8: =IFERROR(INDEX(PP_Grid[#Data],$DD8,38),0) | AO8: =IFERROR(INDEX(PP_Grid[#Data],$DD8,39),0) | AP8: =IFERROR(INDEX(PP_Grid[#Data],$DD8,40),0) | AQ8: =IFERROR(INDEX(PP_Grid[#Data],$DD8,41),0) | AR8: =IFERROR(INDEX(PP_Grid[#Data],$DD8,42),0) | AS8: =IFERROR(INDEX(PP_Grid[#Data],$DD8,43),0) | AT8: =IFERROR(INDEX(PP_Grid[#Data],$DD8,44),0) | AU8: =IFERROR(INDEX(PP_Grid[#Data],$DD8,45),0) | AV8: =IFERROR(INDEX(PP_Grid[#Data],$DD8,46),0) | AW8: =IFERROR(INDEX(PP_Grid[#Data],$DD8,47),0) | AX8: =IFERROR(INDEX(PP_Grid[#Data],$DD8,48),0) | AY8: =IFERROR(INDEX(PP_Grid[#Data],$DD8,49),0) | AZ8: =IFERROR(INDEX(PP_Grid[#Data],$DD8,50),0) | BA8: =IFERROR(INDEX(PP_Grid[#Data],$DD8,51),0) | BB8: =IFERROR(INDEX(PP_Grid[#Data],$DD8,52),0) | BC8: =IFERROR(INDEX(PP_Grid[#Data],$DD8,53),0) | BD8: =IFERROR(INDEX(PP_Grid[#Data],$DD8,54),0) | BE8: =IFERROR(INDEX(PP_Grid[#Data],$DD8,55),0) | BF8: =IFERROR(INDEX(PP_Grid[#Data],$DD8,56),0) | BG8: =IFERROR(INDEX(PP_Grid[#Data],$DD8,57),0) | BH8: =IFERROR(INDEX(PP_Grid[#Data],$DD8,58),0) | BI8: =IFERROR(INDEX(PP_Grid[#Data],$DD8,59),0) | BJ8: =IFERROR(INDEX(PP_Grid[#Data],$DD8,60),0) | BK8: =IFERROR(INDEX(PP_Grid[#Data],$DD8,61),0) | BL8: =IFERROR(INDEX(PP_Grid[#Data],$DD8,62),0) | BM8: =IFERROR(INDEX(PP_Grid[#Data],$DD8,63),0) | BN8: =IFERROR(INDEX(PP_Grid[#Data],$DD8,64),0) | BO8: =IFERROR(INDEX(PP_Grid[#Data],$DD8,65),0) | BP8: =IFERROR(INDEX(PP_Grid[#Data],$DD8,66),0) | BQ8: =IFERROR(INDEX(PP_Grid[#Data],$DD8,67),0) | BR8: =IFERROR(INDEX(PP_Grid[#Data],$DD8,68),0) | BS8: =IFERROR(INDEX(PP_Grid[#Data],$DD8,69),0) | BT8: =IFERROR(INDEX(PP_Grid[#Data],$DD8,70),0) | BU8: =IFERROR(INDEX(PP_Grid[#Data],$DD8,71),0) | BV8: =IFERROR(INDEX(PP_Grid[#Data],$DD8,72),0) | BW8: =IFERROR(INDEX(PP_Grid[#Data],$DD8,73),0) | BX8: =IFERROR(INDEX(PP_Grid[#Data],$DD8,74),0) | BY8: =IFERROR(INDEX(PP_Grid[#Data],$DD8,75),0) | BZ8: =IFERROR(INDEX(PP_Grid[#Data],$DD8,76),0) | CA8: =IFERROR(INDEX(PP_Grid[#Data],$DD8,77),0) | CB8: =IFERROR(INDEX(PP_Grid[#Data],$DD8,78),0) | CC8: =IFERROR(INDEX(PP_Grid[#Data],$DD8,79),0) | CD8: =IFERROR(INDEX(PP_Grid[#Data],$DD8,80),0) | CE8: =IFERROR(INDEX(PP_Grid[#Data],$DD8,81),0) | CF8: =IFERROR(INDEX(PP_Grid[#Data],$DD8,82),0) | CG8: =IFERROR(INDEX(PP_Grid[#Data],$DD8,83),0) | CH8: =IFERROR(INDEX(PP_Grid[#Data],$DD8,84),0) | CI8: =IFERROR(INDEX(PP_Grid[#Data],$DD8,85),0) | CJ8: =IFERROR(INDEX(PP_Grid[#Data],$DD8,86),0) | CK8: =IFERROR(INDEX(PP_Grid[#Data],$DD8,87),0) | CL8: =IFERROR(INDEX(PP_Grid[#Data],$DD8,88),0) | CM8: =IFERROR(INDEX(PP_Grid[#Data],$DD8,89),0) | CN8: =IFERROR(INDEX(PP_Grid[#Data],$DD8,90),0) | CO8: =IFERROR(INDEX(PP_Grid[#Data],$DD8,91),0) | CP8: =IFERROR(INDEX(PP_Grid[#Data],$DD8,92),0) | CQ8: =IFERROR(INDEX(PP_Grid[#Data],$DD8,93),0) | CR8: =IFERROR(INDEX(PP_Grid[#Data],$DD8,94),0) | CS8: =IFERROR(INDEX(PP_Grid[#Data],$DD8,95),0) | CT8: =IFERROR(INDEX(PP_Grid[#Data],$DD8,96),0) | CU8: =IFERROR(INDEX(PP_Grid[#Data],$DD8,97),0) | CV8: =IFERROR(INDEX(PP_Grid[#Data],$DD8,98),0) | CW8: =IFERROR(INDEX(PP_Grid[#Data],$DD8,99),0) | CX8: =IFERROR(INDEX(PP_Grid[#Data],$DD8,100),0) | CY8: =IFERROR(INDEX(PP_Grid[#Data],$DD8,101),0) | CZ8: =IFERROR(INDEX(PP_Grid[#Data],$DD8,102),0) | DA8: =IFERROR(INDEX(PP_Grid[#Data],$DD8,103),0) | DB8: =IFERROR(INDEX(PP_Grid[#Data],$DD8,104),0) | DC8: =IFERROR(INDEX(PP_Grid[#Data],$DD8,105),0) | DD8: =IFERROR(MATCH($B8,PP_Grid[Intermediate],0),99999)
B9: 使用量(kg) | C9: =SUMIFS(M_BOM[RM_Qty_Per_Batch],M_BOM[Intermediate],$B8,M_BOM[Part Name],$A7) | D9: =$C9*D8 | E9: =$C9*E8 | F9: =$C9*F8 | G9: =$C9*G8 | H9: =$C9*H8 | I9: =$C9*I8 | J9: =$C9*J8 | K9: =$C9*K8 | ... DC9: =$C9*DC8
B10: 合計使用量(kg)/週 | D10: ='Grid_Requirement'!B2 | E10: ='Grid_Requirement'!C2 | F10: ='Grid_Requirement'!D2 | G10: ='Grid_Requirement'!E2 | H10: ='Grid_Requirement'!F2 | I10: ='Grid_Requirement'!G2 | J10: ='Grid_Requirement'!H2 | K10: ='Grid_Requirement'!I2 | ... DC10: ='Grid_Requirement'!DA2
B11: TTAF在庫(実績,kg) | D11: ='T_TTAFStock'!B6 | E11: ='T_TTAFStock'!C6 | F11: ='T_TTAFStock'!D6 | G11: ='T_TTAFStock'!E6 | H11: ='T_TTAFStock'!F6 | I11: ='T_TTAFStock'!G6 | J11: ='T_TTAFStock'!H6 | K11: ='T_TTAFStock'!I6 | ... DC11: ='T_TTAFStock'!DA6
B12: 自社在庫(実績,kg) | D12: ='T_SelfStock'!B6 | E12: ='T_SelfStock'!C6 | F12: ='T_SelfStock'!D6 | G12: ='T_SelfStock'!E6 | H12: ='T_SelfStock'!F6 | I12: ='T_SelfStock'!G6 | J12: ='T_SelfStock'!H6 | K12: ='T_SelfStock'!I6 | ... DC12: ='T_SelfStock'!DA6
B13: Order(発注予定,kg) | DE13: 7EP
B14: PO_No
B15: 合計在庫(週末時点,kg) | D15: ='Grid_Stock'!B2 | E15: ='Grid_Stock'!C2 | F15: ='Grid_Stock'!D2 | G15: ='Grid_Stock'!E2 | H15: ='Grid_Stock'!F2 | I15: ='Grid_Stock'!G2 | J15: ='Grid_Stock'!H2 | K15: ='Grid_Stock'!I2 | ... DC15: ='Grid_Stock'!DA2
B16: （発注の目安はDashboardの基準在庫[下限/上限]と色分けを参照）
A18: 1EK | B18: Substrate NGK TP166-103-105xT1
B19: 0T480 | C19: No. of batches | D19: =IFERROR(INDEX(PP_Grid[#Data],$DD19,2),0) | E19: =IFERROR(INDEX(PP_Grid[#Data],$DD19,3),0) | F19: =IFERROR(INDEX(PP_Grid[#Data],$DD19,4),0) | G19: =IFERROR(INDEX(PP_Grid[#Data],$DD19,5),0) | H19: =IFERROR(INDEX(PP_Grid[#Data],$DD19,6),0) | I19: =IFERROR(INDEX(PP_Grid[#Data],$DD19,7),0) | J19: =IFERROR(INDEX(PP_Grid[#Data],$DD19,8),0) | K19: =IFERROR(INDEX(PP_Grid[#Data],$DD19,9),0) | L19: =IFERROR(INDEX(PP_Grid[#Data],$DD19,10),0) | M19: =IFERROR(INDEX(PP_Grid[#Data],$DD19,11),0) | N19: =IFERROR(INDEX(PP_Grid[#Data],$DD19,12),0) | O19: =IFERROR(INDEX(PP_Grid[#Data],$DD19,13),0) | P19: =IFERROR(INDEX(PP_Grid[#Data],$DD19,14),0) | Q19: =IFERROR(INDEX(PP_Grid[#Data],$DD19,15),0) | R19: =IFERROR(INDEX(PP_Grid[#Data],$DD19,16),0) | S19: =IFERROR(INDEX(PP_Grid[#Data],$DD19,17),0) | T19: =IFERROR(INDEX(PP_Grid[#Data],$DD19,18),0) | U19: =IFERROR(INDEX(PP_Grid[#Data],$DD19,19),0) | V19: =IFERROR(INDEX(PP_Grid[#Data],$DD19,20),0) | W19: =IFERROR(INDEX(PP_Grid[#Data],$DD19,21),0) | X19: =IFERROR(INDEX(PP_Grid[#Data],$DD19,22),0) | Y19: =IFERROR(INDEX(PP_Grid[#Data],$DD19,23),0) | Z19: =IFERROR(INDEX(PP_Grid[#Data],$DD19,24),0) | AA19: =IFERROR(INDEX(PP_Grid[#Data],$DD19,25),0) | AB19: =IFERROR(INDEX(PP_Grid[#Data],$DD19,26),0) | AC19: =IFERROR(INDEX(PP_Grid[#Data],$DD19,27),0) | AD19: =IFERROR(INDEX(PP_Grid[#Data],$DD19,28),0) | AE19: =IFERROR(INDEX(PP_Grid[#Data],$DD19,29),0) | AF19: =IFERROR(INDEX(PP_Grid[#Data],$DD19,30),0) | AG19: =IFERROR(INDEX(PP_Grid[#Data],$DD19,31),0) | AH19: =IFERROR(INDEX(PP_Grid[#Data],$DD19,32),0) | AI19: =IFERROR(INDEX(PP_Grid[#Data],$DD19,33),0) | AJ19: =IFERROR(INDEX(PP_Grid[#Data],$DD19,34),0) | AK19: =IFERROR(INDEX(PP_Grid[#Data],$DD19,35),0) | AL19: =IFERROR(INDEX(PP_Grid[#Data],$DD19,36),0) | AM19: =IFERROR(INDEX(PP_Grid[#Data],$DD19,37),0) | AN19: =IFERROR(INDEX(PP_Grid[#Data],$DD19,38),0) | AO19: =IFERROR(INDEX(PP_Grid[#Data],$DD19,39),0) | AP19: =IFERROR(INDEX(PP_Grid[#Data],$DD19,40),0) | AQ19: =IFERROR(INDEX(PP_Grid[#Data],$DD19,41),0) | AR19: =IFERROR(INDEX(PP_Grid[#Data],$DD19,42),0) | AS19: =IFERROR(INDEX(PP_Grid[#Data],$DD19,43),0) | AT19: =IFERROR(INDEX(PP_Grid[#Data],$DD19,44),0) | AU19: =IFERROR(INDEX(PP_Grid[#Data],$DD19,45),0) | AV19: =IFERROR(INDEX(PP_Grid[#Data],$DD19,46),0) | AW19: =IFERROR(INDEX(PP_Grid[#Data],$DD19,47),0) | AX19: =IFERROR(INDEX(PP_Grid[#Data],$DD19,48),0) | AY19: =IFERROR(INDEX(PP_Grid[#Data],$DD19,49),0) | AZ19: =IFERROR(INDEX(PP_Grid[#Data],$DD19,50),0) | BA19: =IFERROR(INDEX(PP_Grid[#Data],$DD19,51),0) | BB19: =IFERROR(INDEX(PP_Grid[#Data],$DD19,52),0) | BC19: =IFERROR(INDEX(PP_Grid[#Data],$DD19,53),0) | BD19: =IFERROR(INDEX(PP_Grid[#Data],$DD19,54),0) | BE19: =IFERROR(INDEX(PP_Grid[#Data],$DD19,55),0) | BF19: =IFERROR(INDEX(PP_Grid[#Data],$DD19,56),0) | BG19: =IFERROR(INDEX(PP_Grid[#Data],$DD19,57),0) | BH19: =IFERROR(INDEX(PP_Grid[#Data],$DD19,58),0) | BI19: =IFERROR(INDEX(PP_Grid[#Data],$DD19,59),0) | BJ19: =IFERROR(INDEX(PP_Grid[#Data],$DD19,60),0) | BK19: =IFERROR(INDEX(PP_Grid[#Data],$DD19,61),0) | BL19: =IFERROR(INDEX(PP_Grid[#Data],$DD19,62),0) | BM19: =IFERROR(INDEX(PP_Grid[#Data],$DD19,63),0) | BN19: =IFERROR(INDEX(PP_Grid[#Data],$DD19,64),0) | BO19: =IFERROR(INDEX(PP_Grid[#Data],$DD19,65),0) | BP19: =IFERROR(INDEX(PP_Grid[#Data],$DD19,66),0) | BQ19: =IFERROR(INDEX(PP_Grid[#Data],$DD19,67),0) | BR19: =IFERROR(INDEX(PP_Grid[#Data],$DD19,68),0) | BS19: =IFERROR(INDEX(PP_Grid[#Data],$DD19,69),0) | BT19: =IFERROR(INDEX(PP_Grid[#Data],$DD19,70),0) | BU19: =IFERROR(INDEX(PP_Grid[#Data],$DD19,71),0) | BV19: =IFERROR(INDEX(PP_Grid[#Data],$DD19,72),0) | BW19: =IFERROR(INDEX(PP_Grid[#Data],$DD19,73),0) | BX19: =IFERROR(INDEX(PP_Grid[#Data],$DD19,74),0) | BY19: =IFERROR(INDEX(PP_Grid[#Data],$DD19,75),0) | BZ19: =IFERROR(INDEX(PP_Grid[#Data],$DD19,76),0) | CA19: =IFERROR(INDEX(PP_Grid[#Data],$DD19,77),0) | CB19: =IFERROR(INDEX(PP_Grid[#Data],$DD19,78),0) | CC19: =IFERROR(INDEX(PP_Grid[#Data],$DD19,79),0) | CD19: =IFERROR(INDEX(PP_Grid[#Data],$DD19,80),0) | CE19: =IFERROR(INDEX(PP_Grid[#Data],$DD19,81),0) | CF19: =IFERROR(INDEX(PP_Grid[#Data],$DD19,82),0) | CG19: =IFERROR(INDEX(PP_Grid[#Data],$DD19,83),0) | CH19: =IFERROR(INDEX(PP_Grid[#Data],$DD19,84),0) | CI19: =IFERROR(INDEX(PP_Grid[#Data],$DD19,85),0) | CJ19: =IFERROR(INDEX(PP_Grid[#Data],$DD19,86),0) | CK19: =IFERROR(INDEX(PP_Grid[#Data],$DD19,87),0) | CL19: =IFERROR(INDEX(PP_Grid[#Data],$DD19,88),0) | CM19: =IFERROR(INDEX(PP_Grid[#Data],$DD19,89),0) | CN19: =IFERROR(INDEX(PP_Grid[#Data],$DD19,90),0) | CO19: =IFERROR(INDEX(PP_Grid[#Data],$DD19,91),0) | CP19: =IFERROR(INDEX(PP_Grid[#Data],$DD19,92),0) | CQ19: =IFERROR(INDEX(PP_Grid[#Data],$DD19,93),0) | CR19: =IFERROR(INDEX(PP_Grid[#Data],$DD19,94),0) | CS19: =IFERROR(INDEX(PP_Grid[#Data],$DD19,95),0) | CT19: =IFERROR(INDEX(PP_Grid[#Data],$DD19,96),0) | CU19: =IFERROR(INDEX(PP_Grid[#Data],$DD19,97),0) | CV19: =IFERROR(INDEX(PP_Grid[#Data],$DD19,98),0) | CW19: =IFERROR(INDEX(PP_Grid[#Data],$DD19,99),0) | CX19: =IFERROR(INDEX(PP_Grid[#Data],$DD19,100),0) | CY19: =IFERROR(INDEX(PP_Grid[#Data],$DD19,101),0) | CZ19: =IFERROR(INDEX(PP_Grid[#Data],$DD19,102),0) | DA19: =IFERROR(INDEX(PP_Grid[#Data],$DD19,103),0) | DB19: =IFERROR(INDEX(PP_Grid[#Data],$DD19,104),0) | DC19: =IFERROR(INDEX(PP_Grid[#Data],$DD19,105),0) | DD19: =IFERROR(MATCH($B19,PP_Grid[Intermediate],0),99999)
B20: 使用量(kg) | C20: =SUMIFS(M_BOM[RM_Qty_Per_Batch],M_BOM[Intermediate],$B19,M_BOM[Part Name],$A18) | D20: =$C20*D19 | E20: =$C20*E19 | F20: =$C20*F19 | G20: =$C20*G19 | H20: =$C20*H19 | I20: =$C20*I19 | J20: =$C20*J19 | K20: =$C20*K19 | ... DC20: =$C20*DC19
B21: 0T690 | C21: No. of batches | D21: =IFERROR(INDEX(PP_Grid[#Data],$DD21,2),0) | E21: =IFERROR(INDEX(PP_Grid[#Data],$DD21,3),0) | F21: =IFERROR(INDEX(PP_Grid[#Data],$DD21,4),0) | G21: =IFERROR(INDEX(PP_Grid[#Data],$DD21,5),0) | H21: =IFERROR(INDEX(PP_Grid[#Data],$DD21,6),0) | I21: =IFERROR(INDEX(PP_Grid[#Data],$DD21,7),0) | J21: =IFERROR(INDEX(PP_Grid[#Data],$DD21,8),0) | K21: =IFERROR(INDEX(PP_Grid[#Data],$DD21,9),0) | L21: =IFERROR(INDEX(PP_Grid[#Data],$DD21,10),0) | M21: =IFERROR(INDEX(PP_Grid[#Data],$DD21,11),0) | N21: =IFERROR(INDEX(PP_Grid[#Data],$DD21,12),0) | O21: =IFERROR(INDEX(PP_Grid[#Data],$DD21,13),0) | P21: =IFERROR(INDEX(PP_Grid[#Data],$DD21,14),0) | Q21: =IFERROR(INDEX(PP_Grid[#Data],$DD21,15),0) | R21: =IFERROR(INDEX(PP_Grid[#Data],$DD21,16),0) | S21: =IFERROR(INDEX(PP_Grid[#Data],$DD21,17),0) | T21: =IFERROR(INDEX(PP_Grid[#Data],$DD21,18),0) | U21: =IFERROR(INDEX(PP_Grid[#Data],$DD21,19),0) | V21: =IFERROR(INDEX(PP_Grid[#Data],$DD21,20),0) | W21: =IFERROR(INDEX(PP_Grid[#Data],$DD21,21),0) | X21: =IFERROR(INDEX(PP_Grid[#Data],$DD21,22),0) | Y21: =IFERROR(INDEX(PP_Grid[#Data],$DD21,23),0) | Z21: =IFERROR(INDEX(PP_Grid[#Data],$DD21,24),0) | AA21: =IFERROR(INDEX(PP_Grid[#Data],$DD21,25),0) | AB21: =IFERROR(INDEX(PP_Grid[#Data],$DD21,26),0) | AC21: =IFERROR(INDEX(PP_Grid[#Data],$DD21,27),0) | AD21: =IFERROR(INDEX(PP_Grid[#Data],$DD21,28),0) | AE21: =IFERROR(INDEX(PP_Grid[#Data],$DD21,29),0) | AF21: =IFERROR(INDEX(PP_Grid[#Data],$DD21,30),0) | AG21: =IFERROR(INDEX(PP_Grid[#Data],$DD21,31),0) | AH21: =IFERROR(INDEX(PP_Grid[#Data],$DD21,32),0) | AI21: =IFERROR(INDEX(PP_Grid[#Data],$DD21,33),0) | AJ21: =IFERROR(INDEX(PP_Grid[#Data],$DD21,34),0) | AK21: =IFERROR(INDEX(PP_Grid[#Data],$DD21,35),0) | AL21: =IFERROR(INDEX(PP_Grid[#Data],$DD21,36),0) | AM21: =IFERROR(INDEX(PP_Grid[#Data],$DD21,37),0) | AN21: =IFERROR(INDEX(PP_Grid[#Data],$DD21,38),0) | AO21: =IFERROR(INDEX(PP_Grid[#Data],$DD21,39),0) | AP21: =IFERROR(INDEX(PP_Grid[#Data],$DD21,40),0) | AQ21: =IFERROR(INDEX(PP_Grid[#Data],$DD21,41),0) | AR21: =IFERROR(INDEX(PP_Grid[#Data],$DD21,42),0) | AS21: =IFERROR(INDEX(PP_Grid[#Data],$DD21,43),0) | AT21: =IFERROR(INDEX(PP_Grid[#Data],$DD21,44),0) | AU21: =IFERROR(INDEX(PP_Grid[#Data],$DD21,45),0) | AV21: =IFERROR(INDEX(PP_Grid[#Data],$DD21,46),0) | AW21: =IFERROR(INDEX(PP_Grid[#Data],$DD21,47),0) | AX21: =IFERROR(INDEX(PP_Grid[#Data],$DD21,48),0) | AY21: =IFERROR(INDEX(PP_Grid[#Data],$DD21,49),0) | AZ21: =IFERROR(INDEX(PP_Grid[#Data],$DD21,50),0) | BA21: =IFERROR(INDEX(PP_Grid[#Data],$DD21,51),0) | BB21: =IFERROR(INDEX(PP_Grid[#Data],$DD21,52),0) | BC21: =IFERROR(INDEX(PP_Grid[#Data],$DD21,53),0) | BD21: =IFERROR(INDEX(PP_Grid[#Data],$DD21,54),0) | BE21: =IFERROR(INDEX(PP_Grid[#Data],$DD21,55),0) | BF21: =IFERROR(INDEX(PP_Grid[#Data],$DD21,56),0) | BG21: =IFERROR(INDEX(PP_Grid[#Data],$DD21,57),0) | BH21: =IFERROR(INDEX(PP_Grid[#Data],$DD21,58),0) | BI21: =IFERROR(INDEX(PP_Grid[#Data],$DD21,59),0) | BJ21: =IFERROR(INDEX(PP_Grid[#Data],$DD21,60),0) | BK21: =IFERROR(INDEX(PP_Grid[#Data],$DD21,61),0) | BL21: =IFERROR(INDEX(PP_Grid[#Data],$DD21,62),0) | BM21: =IFERROR(INDEX(PP_Grid[#Data],$DD21,63),0) | BN21: =IFERROR(INDEX(PP_Grid[#Data],$DD21,64),0) | BO21: =IFERROR(INDEX(PP_Grid[#Data],$DD21,65),0) | BP21: =IFERROR(INDEX(PP_Grid[#Data],$DD21,66),0) | BQ21: =IFERROR(INDEX(PP_Grid[#Data],$DD21,67),0) | BR21: =IFERROR(INDEX(PP_Grid[#Data],$DD21,68),0) | BS21: =IFERROR(INDEX(PP_Grid[#Data],$DD21,69),0) | BT21: =IFERROR(INDEX(PP_Grid[#Data],$DD21,70),0) | BU21: =IFERROR(INDEX(PP_Grid[#Data],$DD21,71),0) | BV21: =IFERROR(INDEX(PP_Grid[#Data],$DD21,72),0) | BW21: =IFERROR(INDEX(PP_Grid[#Data],$DD21,73),0) | BX21: =IFERROR(INDEX(PP_Grid[#Data],$DD21,74),0) | BY21: =IFERROR(INDEX(PP_Grid[#Data],$DD21,75),0) | BZ21: =IFERROR(INDEX(PP_Grid[#Data],$DD21,76),0) | CA21: =IFERROR(INDEX(PP_Grid[#Data],$DD21,77),0) | CB21: =IFERROR(INDEX(PP_Grid[#Data],$DD21,78),0) | CC21: =IFERROR(INDEX(PP_Grid[#Data],$DD21,79),0) | CD21: =IFERROR(INDEX(PP_Grid[#Data],$DD21,80),0) | CE21: =IFERROR(INDEX(PP_Grid[#Data],$DD21,81),0) | CF21: =IFERROR(INDEX(PP_Grid[#Data],$DD21,82),0) | CG21: =IFERROR(INDEX(PP_Grid[#Data],$DD21,83),0) | CH21: =IFERROR(INDEX(PP_Grid[#Data],$DD21,84),0) | CI21: =IFERROR(INDEX(PP_Grid[#Data],$DD21,85),0) | CJ21: =IFERROR(INDEX(PP_Grid[#Data],$DD21,86),0) | CK21: =IFERROR(INDEX(PP_Grid[#Data],$DD21,87),0) | CL21: =IFERROR(INDEX(PP_Grid[#Data],$DD21,88),0) | CM21: =IFERROR(INDEX(PP_Grid[#Data],$DD21,89),0) | CN21: =IFERROR(INDEX(PP_Grid[#Data],$DD21,90),0) | CO21: =IFERROR(INDEX(PP_Grid[#Data],$DD21,91),0) | CP21: =IFERROR(INDEX(PP_Grid[#Data],$DD21,92),0) | CQ21: =IFERROR(INDEX(PP_Grid[#Data],$DD21,93),0) | CR21: =IFERROR(INDEX(PP_Grid[#Data],$DD21,94),0) | CS21: =IFERROR(INDEX(PP_Grid[#Data],$DD21,95),0) | CT21: =IFERROR(INDEX(PP_Grid[#Data],$DD21,96),0) | CU21: =IFERROR(INDEX(PP_Grid[#Data],$DD21,97),0) | CV21: =IFERROR(INDEX(PP_Grid[#Data],$DD21,98),0) | CW21: =IFERROR(INDEX(PP_Grid[#Data],$DD21,99),0) | CX21: =IFERROR(INDEX(PP_Grid[#Data],$DD21,100),0) | CY21: =IFERROR(INDEX(PP_Grid[#Data],$DD21,101),0) | CZ21: =IFERROR(INDEX(PP_Grid[#Data],$DD21,102),0) | DA21: =IFERROR(INDEX(PP_Grid[#Data],$DD21,103),0) | DB21: =IFERROR(INDEX(PP_Grid[#Data],$DD21,104),0) | DC21: =IFERROR(INDEX(PP_Grid[#Data],$DD21,105),0) | DD21: =IFERROR(MATCH($B21,PP_Grid[Intermediate],0),99999)
B22: 使用量(kg) | C22: =SUMIFS(M_BOM[RM_Qty_Per_Batch],M_BOM[Intermediate],$B21,M_BOM[Part Name],$A18) | D22: =$C22*D21 | E22: =$C22*E21 | F22: =$C22*F21 | G22: =$C22*G21 | H22: =$C22*H21 | I22: =$C22*I21 | J22: =$C22*J21 | K22: =$C22*K21 | ... DC22: =$C22*DC21
B23: 0T720 | C23: No. of batches | D23: =IFERROR(INDEX(PP_Grid[#Data],$DD23,2),0) | E23: =IFERROR(INDEX(PP_Grid[#Data],$DD23,3),0) | F23: =IFERROR(INDEX(PP_Grid[#Data],$DD23,4),0) | G23: =IFERROR(INDEX(PP_Grid[#Data],$DD23,5),0) | H23: =IFERROR(INDEX(PP_Grid[#Data],$DD23,6),0) | I23: =IFERROR(INDEX(PP_Grid[#Data],$DD23,7),0) | J23: =IFERROR(INDEX(PP_Grid[#Data],$DD23,8),0) | K23: =IFERROR(INDEX(PP_Grid[#Data],$DD23,9),0) | L23: =IFERROR(INDEX(PP_Grid[#Data],$DD23,10),0) | M23: =IFERROR(INDEX(PP_Grid[#Data],$DD23,11),0) | N23: =IFERROR(INDEX(PP_Grid[#Data],$DD23,12),0) | O23: =IFERROR(INDEX(PP_Grid[#Data],$DD23,13),0) | P23: =IFERROR(INDEX(PP_Grid[#Data],$DD23,14),0) | Q23: =IFERROR(INDEX(PP_Grid[#Data],$DD23,15),0) | R23: =IFERROR(INDEX(PP_Grid[#Data],$DD23,16),0) | S23: =IFERROR(INDEX(PP_Grid[#Data],$DD23,17),0) | T23: =IFERROR(INDEX(PP_Grid[#Data],$DD23,18),0) | U23: =IFERROR(INDEX(PP_Grid[#Data],$DD23,19),0) | V23: =IFERROR(INDEX(PP_Grid[#Data],$DD23,20),0) | W23: =IFERROR(INDEX(PP_Grid[#Data],$DD23,21),0) | X23: =IFERROR(INDEX(PP_Grid[#Data],$DD23,22),0) | Y23: =IFERROR(INDEX(PP_Grid[#Data],$DD23,23),0) | Z23: =IFERROR(INDEX(PP_Grid[#Data],$DD23,24),0) | AA23: =IFERROR(INDEX(PP_Grid[#Data],$DD23,25),0) | AB23: =IFERROR(INDEX(PP_Grid[#Data],$DD23,26),0) | AC23: =IFERROR(INDEX(PP_Grid[#Data],$DD23,27),0) | AD23: =IFERROR(INDEX(PP_Grid[#Data],$DD23,28),0) | AE23: =IFERROR(INDEX(PP_Grid[#Data],$DD23,29),0) | AF23: =IFERROR(INDEX(PP_Grid[#Data],$DD23,30),0) | AG23: =IFERROR(INDEX(PP_Grid[#Data],$DD23,31),0) | AH23: =IFERROR(INDEX(PP_Grid[#Data],$DD23,32),0) | AI23: =IFERROR(INDEX(PP_Grid[#Data],$DD23,33),0) | AJ23: =IFERROR(INDEX(PP_Grid[#Data],$DD23,34),0) | AK23: =IFERROR(INDEX(PP_Grid[#Data],$DD23,35),0) | AL23: =IFERROR(INDEX(PP_Grid[#Data],$DD23,36),0) | AM23: =IFERROR(INDEX(PP_Grid[#Data],$DD23,37),0) | AN23: =IFERROR(INDEX(PP_Grid[#Data],$DD23,38),0) | AO23: =IFERROR(INDEX(PP_Grid[#Data],$DD23,39),0) | AP23: =IFERROR(INDEX(PP_Grid[#Data],$DD23,40),0) | AQ23: =IFERROR(INDEX(PP_Grid[#Data],$DD23,41),0) | AR23: =IFERROR(INDEX(PP_Grid[#Data],$DD23,42),0) | AS23: =IFERROR(INDEX(PP_Grid[#Data],$DD23,43),0) | AT23: =IFERROR(INDEX(PP_Grid[#Data],$DD23,44),0) | AU23: =IFERROR(INDEX(PP_Grid[#Data],$DD23,45),0) | AV23: =IFERROR(INDEX(PP_Grid[#Data],$DD23,46),0) | AW23: =IFERROR(INDEX(PP_Grid[#Data],$DD23,47),0) | AX23: =IFERROR(INDEX(PP_Grid[#Data],$DD23,48),0) | AY23: =IFERROR(INDEX(PP_Grid[#Data],$DD23,49),0) | AZ23: =IFERROR(INDEX(PP_Grid[#Data],$DD23,50),0) | BA23: =IFERROR(INDEX(PP_Grid[#Data],$DD23,51),0) | BB23: =IFERROR(INDEX(PP_Grid[#Data],$DD23,52),0) | BC23: =IFERROR(INDEX(PP_Grid[#Data],$DD23,53),0) | BD23: =IFERROR(INDEX(PP_Grid[#Data],$DD23,54),0) | BE23: =IFERROR(INDEX(PP_Grid[#Data],$DD23,55),0) | BF23: =IFERROR(INDEX(PP_Grid[#Data],$DD23,56),0) | BG23: =IFERROR(INDEX(PP_Grid[#Data],$DD23,57),0) | BH23: =IFERROR(INDEX(PP_Grid[#Data],$DD23,58),0) | BI23: =IFERROR(INDEX(PP_Grid[#Data],$DD23,59),0) | BJ23: =IFERROR(INDEX(PP_Grid[#Data],$DD23,60),0) | BK23: =IFERROR(INDEX(PP_Grid[#Data],$DD23,61),0) | BL23: =IFERROR(INDEX(PP_Grid[#Data],$DD23,62),0) | BM23: =IFERROR(INDEX(PP_Grid[#Data],$DD23,63),0) | BN23: =IFERROR(INDEX(PP_Grid[#Data],$DD23,64),0) | BO23: =IFERROR(INDEX(PP_Grid[#Data],$DD23,65),0) | BP23: =IFERROR(INDEX(PP_Grid[#Data],$DD23,66),0) | BQ23: =IFERROR(INDEX(PP_Grid[#Data],$DD23,67),0) | BR23: =IFERROR(INDEX(PP_Grid[#Data],$DD23,68),0) | BS23: =IFERROR(INDEX(PP_Grid[#Data],$DD23,69),0) | BT23: =IFERROR(INDEX(PP_Grid[#Data],$DD23,70),0) | BU23: =IFERROR(INDEX(PP_Grid[#Data],$DD23,71),0) | BV23: =IFERROR(INDEX(PP_Grid[#Data],$DD23,72),0) | BW23: =IFERROR(INDEX(PP_Grid[#Data],$DD23,73),0) | BX23: =IFERROR(INDEX(PP_Grid[#Data],$DD23,74),0) | BY23: =IFERROR(INDEX(PP_Grid[#Data],$DD23,75),0) | BZ23: =IFERROR(INDEX(PP_Grid[#Data],$DD23,76),0) | CA23: =IFERROR(INDEX(PP_Grid[#Data],$DD23,77),0) | CB23: =IFERROR(INDEX(PP_Grid[#Data],$DD23,78),0) | CC23: =IFERROR(INDEX(PP_Grid[#Data],$DD23,79),0) | CD23: =IFERROR(INDEX(PP_Grid[#Data],$DD23,80),0) | CE23: =IFERROR(INDEX(PP_Grid[#Data],$DD23,81),0) | CF23: =IFERROR(INDEX(PP_Grid[#Data],$DD23,82),0) | CG23: =IFERROR(INDEX(PP_Grid[#Data],$DD23,83),0) | CH23: =IFERROR(INDEX(PP_Grid[#Data],$DD23,84),0) | CI23: =IFERROR(INDEX(PP_Grid[#Data],$DD23,85),0) | CJ23: =IFERROR(INDEX(PP_Grid[#Data],$DD23,86),0) | CK23: =IFERROR(INDEX(PP_Grid[#Data],$DD23,87),0) | CL23: =IFERROR(INDEX(PP_Grid[#Data],$DD23,88),0) | CM23: =IFERROR(INDEX(PP_Grid[#Data],$DD23,89),0) | CN23: =IFERROR(INDEX(PP_Grid[#Data],$DD23,90),0) | CO23: =IFERROR(INDEX(PP_Grid[#Data],$DD23,91),0) | CP23: =IFERROR(INDEX(PP_Grid[#Data],$DD23,92),0) | CQ23: =IFERROR(INDEX(PP_Grid[#Data],$DD23,93),0) | CR23: =IFERROR(INDEX(PP_Grid[#Data],$DD23,94),0) | CS23: =IFERROR(INDEX(PP_Grid[#Data],$DD23,95),0) | CT23: =IFERROR(INDEX(PP_Grid[#Data],$DD23,96),0) | CU23: =IFERROR(INDEX(PP_Grid[#Data],$DD23,97),0) | CV23: =IFERROR(INDEX(PP_Grid[#Data],$DD23,98),0) | CW23: =IFERROR(INDEX(PP_Grid[#Data],$DD23,99),0) | CX23: =IFERROR(INDEX(PP_Grid[#Data],$DD23,100),0) | CY23: =IFERROR(INDEX(PP_Grid[#Data],$DD23,101),0) | CZ23: =IFERROR(INDEX(PP_Grid[#Data],$DD23,102),0) | DA23: =IFERROR(INDEX(PP_Grid[#Data],$DD23,103),0) | DB23: =IFERROR(INDEX(PP_Grid[#Data],$DD23,104),0) | DC23: =IFERROR(INDEX(PP_Grid[#Data],$DD23,105),0) | DD23: =IFERROR(MATCH($B23,PP_Grid[Intermediate],0),99999)
B24: 使用量(kg) | C24: =SUMIFS(M_BOM[RM_Qty_Per_Batch],M_BOM[Intermediate],$B23,M_BOM[Part Name],$A18) | D24: =$C24*D23 | E24: =$C24*E23 | F24: =$C24*F23 | G24: =$C24*G23 | H24: =$C24*H23 | I24: =$C24*I23 | J24: =$C24*J23 | K24: =$C24*K23 | ... DC24: =$C24*DC23
B25: 0T740 | C25: No. of batches | D25: =IFERROR(INDEX(PP_Grid[#Data],$DD25,2),0) | E25: =IFERROR(INDEX(PP_Grid[#Data],$DD25,3),0) | F25: =IFERROR(INDEX(PP_Grid[#Data],$DD25,4),0) | G25: =IFERROR(INDEX(PP_Grid[#Data],$DD25,5),0) | H25: =IFERROR(INDEX(PP_Grid[#Data],$DD25,6),0) | I25: =IFERROR(INDEX(PP_Grid[#Data],$DD25,7),0) | J25: =IFERROR(INDEX(PP_Grid[#Data],$DD25,8),0) | K25: =IFERROR(INDEX(PP_Grid[#Data],$DD25,9),0) | L25: =IFERROR(INDEX(PP_Grid[#Data],$DD25,10),0) | M25: =IFERROR(INDEX(PP_Grid[#Data],$DD25,11),0) | N25: =IFERROR(INDEX(PP_Grid[#Data],$DD25,12),0) | O25: =IFERROR(INDEX(PP_Grid[#Data],$DD25,13),0) | P25: =IFERROR(INDEX(PP_Grid[#Data],$DD25,14),0) | Q25: =IFERROR(INDEX(PP_Grid[#Data],$DD25,15),0) | R25: =IFERROR(INDEX(PP_Grid[#Data],$DD25,16),0) | S25: =IFERROR(INDEX(PP_Grid[#Data],$DD25,17),0) | T25: =IFERROR(INDEX(PP_Grid[#Data],$DD25,18),0) | U25: =IFERROR(INDEX(PP_Grid[#Data],$DD25,19),0) | V25: =IFERROR(INDEX(PP_Grid[#Data],$DD25,20),0) | W25: =IFERROR(INDEX(PP_Grid[#Data],$DD25,21),0) | X25: =IFERROR(INDEX(PP_Grid[#Data],$DD25,22),0) | Y25: =IFERROR(INDEX(PP_Grid[#Data],$DD25,23),0) | Z25: =IFERROR(INDEX(PP_Grid[#Data],$DD25,24),0) | AA25: =IFERROR(INDEX(PP_Grid[#Data],$DD25,25),0) | AB25: =IFERROR(INDEX(PP_Grid[#Data],$DD25,26),0) | AC25: =IFERROR(INDEX(PP_Grid[#Data],$DD25,27),0) | AD25: =IFERROR(INDEX(PP_Grid[#Data],$DD25,28),0) | AE25: =IFERROR(INDEX(PP_Grid[#Data],$DD25,29),0) | AF25: =IFERROR(INDEX(PP_Grid[#Data],$DD25,30),0) | AG25: =IFERROR(INDEX(PP_Grid[#Data],$DD25,31),0) | AH25: =IFERROR(INDEX(PP_Grid[#Data],$DD25,32),0) | AI25: =IFERROR(INDEX(PP_Grid[#Data],$DD25,33),0) | AJ25: =IFERROR(INDEX(PP_Grid[#Data],$DD25,34),0) | AK25: =IFERROR(INDEX(PP_Grid[#Data],$DD25,35),0) | AL25: =IFERROR(INDEX(PP_Grid[#Data],$DD25,36),0) | AM25: =IFERROR(INDEX(PP_Grid[#Data],$DD25,37),0) | AN25: =IFERROR(INDEX(PP_Grid[#Data],$DD25,38),0) | AO25: =IFERROR(INDEX(PP_Grid[#Data],$DD25,39),0) | AP25: =IFERROR(INDEX(PP_Grid[#Data],$DD25,40),0) | AQ25: =IFERROR(INDEX(PP_Grid[#Data],$DD25,41),0) | AR25: =IFERROR(INDEX(PP_Grid[#Data],$DD25,42),0) | AS25: =IFERROR(INDEX(PP_Grid[#Data],$DD25,43),0) | AT25: =IFERROR(INDEX(PP_Grid[#Data],$DD25,44),0) | AU25: =IFERROR(INDEX(PP_Grid[#Data],$DD25,45),0) | AV25: =IFERROR(INDEX(PP_Grid[#Data],$DD25,46),0) | AW25: =IFERROR(INDEX(PP_Grid[#Data],$DD25,47),0) | AX25: =IFERROR(INDEX(PP_Grid[#Data],$DD25,48),0) | AY25: =IFERROR(INDEX(PP_Grid[#Data],$DD25,49),0) | AZ25: =IFERROR(INDEX(PP_Grid[#Data],$DD25,50),0) | BA25: =IFERROR(INDEX(PP_Grid[#Data],$DD25,51),0) | BB25: =IFERROR(INDEX(PP_Grid[#Data],$DD25,52),0) | BC25: =IFERROR(INDEX(PP_Grid[#Data],$DD25,53),0) | BD25: =IFERROR(INDEX(PP_Grid[#Data],$DD25,54),0) | BE25: =IFERROR(INDEX(PP_Grid[#Data],$DD25,55),0) | BF25: =IFERROR(INDEX(PP_Grid[#Data],$DD25,56),0) | BG25: =IFERROR(INDEX(PP_Grid[#Data],$DD25,57),0) | BH25: =IFERROR(INDEX(PP_Grid[#Data],$DD25,58),0) | BI25: =IFERROR(INDEX(PP_Grid[#Data],$DD25,59),0) | BJ25: =IFERROR(INDEX(PP_Grid[#Data],$DD25,60),0) | BK25: =IFERROR(INDEX(PP_Grid[#Data],$DD25,61),0) | BL25: =IFERROR(INDEX(PP_Grid[#Data],$DD25,62),0) | BM25: =IFERROR(INDEX(PP_Grid[#Data],$DD25,63),0) | BN25: =IFERROR(INDEX(PP_Grid[#Data],$DD25,64),0) | BO25: =IFERROR(INDEX(PP_Grid[#Data],$DD25,65),0) | BP25: =IFERROR(INDEX(PP_Grid[#Data],$DD25,66),0) | BQ25: =IFERROR(INDEX(PP_Grid[#Data],$DD25,67),0) | BR25: =IFERROR(INDEX(PP_Grid[#Data],$DD25,68),0) | BS25: =IFERROR(INDEX(PP_Grid[#Data],$DD25,69),0) | BT25: =IFERROR(INDEX(PP_Grid[#Data],$DD25,70),0) | BU25: =IFERROR(INDEX(PP_Grid[#Data],$DD25,71),0) | BV25: =IFERROR(INDEX(PP_Grid[#Data],$DD25,72),0) | BW25: =IFERROR(INDEX(PP_Grid[#Data],$DD25,73),0) | BX25: =IFERROR(INDEX(PP_Grid[#Data],$DD25,74),0) | BY25: =IFERROR(INDEX(PP_Grid[#Data],$DD25,75),0) | BZ25: =IFERROR(INDEX(PP_Grid[#Data],$DD25,76),0) | CA25: =IFERROR(INDEX(PP_Grid[#Data],$DD25,77),0) | CB25: =IFERROR(INDEX(PP_Grid[#Data],$DD25,78),0) | CC25: =IFERROR(INDEX(PP_Grid[#Data],$DD25,79),0) | CD25: =IFERROR(INDEX(PP_Grid[#Data],$DD25,80),0) | CE25: =IFERROR(INDEX(PP_Grid[#Data],$DD25,81),0) | CF25: =IFERROR(INDEX(PP_Grid[#Data],$DD25,82),0) | CG25: =IFERROR(INDEX(PP_Grid[#Data],$DD25,83),0) | CH25: =IFERROR(INDEX(PP_Grid[#Data],$DD25,84),0) | CI25: =IFERROR(INDEX(PP_Grid[#Data],$DD25,85),0) | CJ25: =IFERROR(INDEX(PP_Grid[#Data],$DD25,86),0) | CK25: =IFERROR(INDEX(PP_Grid[#Data],$DD25,87),0) | CL25: =IFERROR(INDEX(PP_Grid[#Data],$DD25,88),0) | CM25: =IFERROR(INDEX(PP_Grid[#Data],$DD25,89),0) | CN25: =IFERROR(INDEX(PP_Grid[#Data],$DD25,90),0) | CO25: =IFERROR(INDEX(PP_Grid[#Data],$DD25,91),0) | CP25: =IFERROR(INDEX(PP_Grid[#Data],$DD25,92),0) | CQ25: =IFERROR(INDEX(PP_Grid[#Data],$DD25,93),0) | CR25: =IFERROR(INDEX(PP_Grid[#Data],$DD25,94),0) | CS25: =IFERROR(INDEX(PP_Grid[#Data],$DD25,95),0) | CT25: =IFERROR(INDEX(PP_Grid[#Data],$DD25,96),0) | CU25: =IFERROR(INDEX(PP_Grid[#Data],$DD25,97),0) | CV25: =IFERROR(INDEX(PP_Grid[#Data],$DD25,98),0) | CW25: =IFERROR(INDEX(PP_Grid[#Data],$DD25,99),0) | CX25: =IFERROR(INDEX(PP_Grid[#Data],$DD25,100),0) | CY25: =IFERROR(INDEX(PP_Grid[#Data],$DD25,101),0) | CZ25: =IFERROR(INDEX(PP_Grid[#Data],$DD25,102),0) | DA25: =IFERROR(INDEX(PP_Grid[#Data],$DD25,103),0) | DB25: =IFERROR(INDEX(PP_Grid[#Data],$DD25,104),0) | DC25: =IFERROR(INDEX(PP_Grid[#Data],$DD25,105),0) | DD25: =IFERROR(MATCH($B25,PP_Grid[Intermediate],0),99999)
B26: 使用量(kg) | C26: =SUMIFS(M_BOM[RM_Qty_Per_Batch],M_BOM[Intermediate],$B25,M_BOM[Part Name],$A18) | D26: =$C26*D25 | E26: =$C26*E25 | F26: =$C26*F25 | G26: =$C26*G25 | H26: =$C26*H25 | I26: =$C26*I25 | J26: =$C26*J25 | K26: =$C26*K25 | ... DC26: =$C26*DC25
B27: 0T750 | C27: No. of batches | D27: =IFERROR(INDEX(PP_Grid[#Data],$DD27,2),0) | E27: =IFERROR(INDEX(PP_Grid[#Data],$DD27,3),0) | F27: =IFERROR(INDEX(PP_Grid[#Data],$DD27,4),0) | G27: =IFERROR(INDEX(PP_Grid[#Data],$DD27,5),0) | H27: =IFERROR(INDEX(PP_Grid[#Data],$DD27,6),0) | I27: =IFERROR(INDEX(PP_Grid[#Data],$DD27,7),0) | J27: =IFERROR(INDEX(PP_Grid[#Data],$DD27,8),0) | K27: =IFERROR(INDEX(PP_Grid[#Data],$DD27,9),0) | L27: =IFERROR(INDEX(PP_Grid[#Data],$DD27,10),0) | M27: =IFERROR(INDEX(PP_Grid[#Data],$DD27,11),0) | N27: =IFERROR(INDEX(PP_Grid[#Data],$DD27,12),0) | O27: =IFERROR(INDEX(PP_Grid[#Data],$DD27,13),0) | P27: =IFERROR(INDEX(PP_Grid[#Data],$DD27,14),0) | Q27: =IFERROR(INDEX(PP_Grid[#Data],$DD27,15),0) | R27: =IFERROR(INDEX(PP_Grid[#Data],$DD27,16),0) | S27: =IFERROR(INDEX(PP_Grid[#Data],$DD27,17),0) | T27: =IFERROR(INDEX(PP_Grid[#Data],$DD27,18),0) | U27: =IFERROR(INDEX(PP_Grid[#Data],$DD27,19),0) | V27: =IFERROR(INDEX(PP_Grid[#Data],$DD27,20),0) | W27: =IFERROR(INDEX(PP_Grid[#Data],$DD27,21),0) | X27: =IFERROR(INDEX(PP_Grid[#Data],$DD27,22),0) | Y27: =IFERROR(INDEX(PP_Grid[#Data],$DD27,23),0) | Z27: =IFERROR(INDEX(PP_Grid[#Data],$DD27,24),0) | AA27: =IFERROR(INDEX(PP_Grid[#Data],$DD27,25),0) | AB27: =IFERROR(INDEX(PP_Grid[#Data],$DD27,26),0) | AC27: =IFERROR(INDEX(PP_Grid[#Data],$DD27,27),0) | AD27: =IFERROR(INDEX(PP_Grid[#Data],$DD27,28),0) | AE27: =IFERROR(INDEX(PP_Grid[#Data],$DD27,29),0) | AF27: =IFERROR(INDEX(PP_Grid[#Data],$DD27,30),0) | AG27: =IFERROR(INDEX(PP_Grid[#Data],$DD27,31),0) | AH27: =IFERROR(INDEX(PP_Grid[#Data],$DD27,32),0) | AI27: =IFERROR(INDEX(PP_Grid[#Data],$DD27,33),0) | AJ27: =IFERROR(INDEX(PP_Grid[#Data],$DD27,34),0) | AK27: =IFERROR(INDEX(PP_Grid[#Data],$DD27,35),0) | AL27: =IFERROR(INDEX(PP_Grid[#Data],$DD27,36),0) | AM27: =IFERROR(INDEX(PP_Grid[#Data],$DD27,37),0) | AN27: =IFERROR(INDEX(PP_Grid[#Data],$DD27,38),0) | AO27: =IFERROR(INDEX(PP_Grid[#Data],$DD27,39),0) | AP27: =IFERROR(INDEX(PP_Grid[#Data],$DD27,40),0) | AQ27: =IFERROR(INDEX(PP_Grid[#Data],$DD27,41),0) | AR27: =IFERROR(INDEX(PP_Grid[#Data],$DD27,42),0) | AS27: =IFERROR(INDEX(PP_Grid[#Data],$DD27,43),0) | AT27: =IFERROR(INDEX(PP_Grid[#Data],$DD27,44),0) | AU27: =IFERROR(INDEX(PP_Grid[#Data],$DD27,45),0) | AV27: =IFERROR(INDEX(PP_Grid[#Data],$DD27,46),0) | AW27: =IFERROR(INDEX(PP_Grid[#Data],$DD27,47),0) | AX27: =IFERROR(INDEX(PP_Grid[#Data],$DD27,48),0) | AY27: =IFERROR(INDEX(PP_Grid[#Data],$DD27,49),0) | AZ27: =IFERROR(INDEX(PP_Grid[#Data],$DD27,50),0) | BA27: =IFERROR(INDEX(PP_Grid[#Data],$DD27,51),0) | BB27: =IFERROR(INDEX(PP_Grid[#Data],$DD27,52),0) | BC27: =IFERROR(INDEX(PP_Grid[#Data],$DD27,53),0) | BD27: =IFERROR(INDEX(PP_Grid[#Data],$DD27,54),0) | BE27: =IFERROR(INDEX(PP_Grid[#Data],$DD27,55),0) | BF27: =IFERROR(INDEX(PP_Grid[#Data],$DD27,56),0) | BG27: =IFERROR(INDEX(PP_Grid[#Data],$DD27,57),0) | BH27: =IFERROR(INDEX(PP_Grid[#Data],$DD27,58),0) | BI27: =IFERROR(INDEX(PP_Grid[#Data],$DD27,59),0) | BJ27: =IFERROR(INDEX(PP_Grid[#Data],$DD27,60),0) | BK27: =IFERROR(INDEX(PP_Grid[#Data],$DD27,61),0) | BL27: =IFERROR(INDEX(PP_Grid[#Data],$DD27,62),0) | BM27: =IFERROR(INDEX(PP_Grid[#Data],$DD27,63),0) | BN27: =IFERROR(INDEX(PP_Grid[#Data],$DD27,64),0) | BO27: =IFERROR(INDEX(PP_Grid[#Data],$DD27,65),0) | BP27: =IFERROR(INDEX(PP_Grid[#Data],$DD27,66),0) | BQ27: =IFERROR(INDEX(PP_Grid[#Data],$DD27,67),0) | BR27: =IFERROR(INDEX(PP_Grid[#Data],$DD27,68),0) | BS27: =IFERROR(INDEX(PP_Grid[#Data],$DD27,69),0) | BT27: =IFERROR(INDEX(PP_Grid[#Data],$DD27,70),0) | BU27: =IFERROR(INDEX(PP_Grid[#Data],$DD27,71),0) | BV27: =IFERROR(INDEX(PP_Grid[#Data],$DD27,72),0) | BW27: =IFERROR(INDEX(PP_Grid[#Data],$DD27,73),0) | BX27: =IFERROR(INDEX(PP_Grid[#Data],$DD27,74),0) | BY27: =IFERROR(INDEX(PP_Grid[#Data],$DD27,75),0) | BZ27: =IFERROR(INDEX(PP_Grid[#Data],$DD27,76),0) | CA27: =IFERROR(INDEX(PP_Grid[#Data],$DD27,77),0) | CB27: =IFERROR(INDEX(PP_Grid[#Data],$DD27,78),0) | CC27: =IFERROR(INDEX(PP_Grid[#Data],$DD27,79),0) | CD27: =IFERROR(INDEX(PP_Grid[#Data],$DD27,80),0) | CE27: =IFERROR(INDEX(PP_Grid[#Data],$DD27,81),0) | CF27: =IFERROR(INDEX(PP_Grid[#Data],$DD27,82),0) | CG27: =IFERROR(INDEX(PP_Grid[#Data],$DD27,83),0) | CH27: =IFERROR(INDEX(PP_Grid[#Data],$DD27,84),0) | CI27: =IFERROR(INDEX(PP_Grid[#Data],$DD27,85),0) | CJ27: =IFERROR(INDEX(PP_Grid[#Data],$DD27,86),0) | CK27: =IFERROR(INDEX(PP_Grid[#Data],$DD27,87),0) | CL27: =IFERROR(INDEX(PP_Grid[#Data],$DD27,88),0) | CM27: =IFERROR(INDEX(PP_Grid[#Data],$DD27,89),0) | CN27: =IFERROR(INDEX(PP_Grid[#Data],$DD27,90),0) | CO27: =IFERROR(INDEX(PP_Grid[#Data],$DD27,91),0) | CP27: =IFERROR(INDEX(PP_Grid[#Data],$DD27,92),0) | CQ27: =IFERROR(INDEX(PP_Grid[#Data],$DD27,93),0) | CR27: =IFERROR(INDEX(PP_Grid[#Data],$DD27,94),0) | CS27: =IFERROR(INDEX(PP_Grid[#Data],$DD27,95),0) | CT27: =IFERROR(INDEX(PP_Grid[#Data],$DD27,96),0) | CU27: =IFERROR(INDEX(PP_Grid[#Data],$DD27,97),0) | CV27: =IFERROR(INDEX(PP_Grid[#Data],$DD27,98),0) | CW27: =IFERROR(INDEX(PP_Grid[#Data],$DD27,99),0) | CX27: =IFERROR(INDEX(PP_Grid[#Data],$DD27,100),0) | CY27: =IFERROR(INDEX(PP_Grid[#Data],$DD27,101),0) | CZ27: =IFERROR(INDEX(PP_Grid[#Data],$DD27,102),0) | DA27: =IFERROR(INDEX(PP_Grid[#Data],$DD27,103),0) | DB27: =IFERROR(INDEX(PP_Grid[#Data],$DD27,104),0) | DC27: =IFERROR(INDEX(PP_Grid[#Data],$DD27,105),0) | DD27: =IFERROR(MATCH($B27,PP_Grid[Intermediate],0),99999)
B28: 使用量(kg) | C28: =SUMIFS(M_BOM[RM_Qty_Per_Batch],M_BOM[Intermediate],$B27,M_BOM[Part Name],$A18) | D28: =$C28*D27 | E28: =$C28*E27 | F28: =$C28*F27 | G28: =$C28*G27 | H28: =$C28*H27 | I28: =$C28*I27 | J28: =$C28*J27 | K28: =$C28*K27 | ... DC28: =$C28*DC27
B29: 0T860 | C29: No. of batches | D29: =IFERROR(INDEX(PP_Grid[#Data],$DD29,2),0) | E29: =IFERROR(INDEX(PP_Grid[#Data],$DD29,3),0) | F29: =IFERROR(INDEX(PP_Grid[#Data],$DD29,4),0) | G29: =IFERROR(INDEX(PP_Grid[#Data],$DD29,5),0) | H29: =IFERROR(INDEX(PP_Grid[#Data],$DD29,6),0) | I29: =IFERROR(INDEX(PP_Grid[#Data],$DD29,7),0) | J29: =IFERROR(INDEX(PP_Grid[#Data],$DD29,8),0) | K29: =IFERROR(INDEX(PP_Grid[#Data],$DD29,9),0) | L29: =IFERROR(INDEX(PP_Grid[#Data],$DD29,10),0) | M29: =IFERROR(INDEX(PP_Grid[#Data],$DD29,11),0) | N29: =IFERROR(INDEX(PP_Grid[#Data],$DD29,12),0) | O29: =IFERROR(INDEX(PP_Grid[#Data],$DD29,13),0) | P29: =IFERROR(INDEX(PP_Grid[#Data],$DD29,14),0) | Q29: =IFERROR(INDEX(PP_Grid[#Data],$DD29,15),0) | R29: =IFERROR(INDEX(PP_Grid[#Data],$DD29,16),0) | S29: =IFERROR(INDEX(PP_Grid[#Data],$DD29,17),0) | T29: =IFERROR(INDEX(PP_Grid[#Data],$DD29,18),0) | U29: =IFERROR(INDEX(PP_Grid[#Data],$DD29,19),0) | V29: =IFERROR(INDEX(PP_Grid[#Data],$DD29,20),0) | W29: =IFERROR(INDEX(PP_Grid[#Data],$DD29,21),0) | X29: =IFERROR(INDEX(PP_Grid[#Data],$DD29,22),0) | Y29: =IFERROR(INDEX(PP_Grid[#Data],$DD29,23),0) | Z29: =IFERROR(INDEX(PP_Grid[#Data],$DD29,24),0) | AA29: =IFERROR(INDEX(PP_Grid[#Data],$DD29,25),0) | AB29: =IFERROR(INDEX(PP_Grid[#Data],$DD29,26),0) | AC29: =IFERROR(INDEX(PP_Grid[#Data],$DD29,27),0) | AD29: =IFERROR(INDEX(PP_Grid[#Data],$DD29,28),0) | AE29: =IFERROR(INDEX(PP_Grid[#Data],$DD29,29),0) | AF29: =IFERROR(INDEX(PP_Grid[#Data],$DD29,30),0) | AG29: =IFERROR(INDEX(PP_Grid[#Data],$DD29,31),0) | AH29: =IFERROR(INDEX(PP_Grid[#Data],$DD29,32),0) | AI29: =IFERROR(INDEX(PP_Grid[#Data],$DD29,33),0) | AJ29: =IFERROR(INDEX(PP_Grid[#Data],$DD29,34),0) | AK29: =IFERROR(INDEX(PP_Grid[#Data],$DD29,35),0) | AL29: =IFERROR(INDEX(PP_Grid[#Data],$DD29,36),0) | AM29: =IFERROR(INDEX(PP_Grid[#Data],$DD29,37),0) | AN29: =IFERROR(INDEX(PP_Grid[#Data],$DD29,38),0) | AO29: =IFERROR(INDEX(PP_Grid[#Data],$DD29,39),0) | AP29: =IFERROR(INDEX(PP_Grid[#Data],$DD29,40),0) | AQ29: =IFERROR(INDEX(PP_Grid[#Data],$DD29,41),0) | AR29: =IFERROR(INDEX(PP_Grid[#Data],$DD29,42),0) | AS29: =IFERROR(INDEX(PP_Grid[#Data],$DD29,43),0) | AT29: =IFERROR(INDEX(PP_Grid[#Data],$DD29,44),0) | AU29: =IFERROR(INDEX(PP_Grid[#Data],$DD29,45),0) | AV29: =IFERROR(INDEX(PP_Grid[#Data],$DD29,46),0) | AW29: =IFERROR(INDEX(PP_Grid[#Data],$DD29,47),0) | AX29: =IFERROR(INDEX(PP_Grid[#Data],$DD29,48),0) | AY29: =IFERROR(INDEX(PP_Grid[#Data],$DD29,49),0) | AZ29: =IFERROR(INDEX(PP_Grid[#Data],$DD29,50),0) | BA29: =IFERROR(INDEX(PP_Grid[#Data],$DD29,51),0) | BB29: =IFERROR(INDEX(PP_Grid[#Data],$DD29,52),0) | BC29: =IFERROR(INDEX(PP_Grid[#Data],$DD29,53),0) | BD29: =IFERROR(INDEX(PP_Grid[#Data],$DD29,54),0) | BE29: =IFERROR(INDEX(PP_Grid[#Data],$DD29,55),0) | BF29: =IFERROR(INDEX(PP_Grid[#Data],$DD29,56),0) | BG29: =IFERROR(INDEX(PP_Grid[#Data],$DD29,57),0) | BH29: =IFERROR(INDEX(PP_Grid[#Data],$DD29,58),0) | BI29: =IFERROR(INDEX(PP_Grid[#Data],$DD29,59),0) | BJ29: =IFERROR(INDEX(PP_Grid[#Data],$DD29,60),0) | BK29: =IFERROR(INDEX(PP_Grid[#Data],$DD29,61),0) | BL29: =IFERROR(INDEX(PP_Grid[#Data],$DD29,62),0) | BM29: =IFERROR(INDEX(PP_Grid[#Data],$DD29,63),0) | BN29: =IFERROR(INDEX(PP_Grid[#Data],$DD29,64),0) | BO29: =IFERROR(INDEX(PP_Grid[#Data],$DD29,65),0) | BP29: =IFERROR(INDEX(PP_Grid[#Data],$DD29,66),0) | BQ29: =IFERROR(INDEX(PP_Grid[#Data],$DD29,67),0) | BR29: =IFERROR(INDEX(PP_Grid[#Data],$DD29,68),0) | BS29: =IFERROR(INDEX(PP_Grid[#Data],$DD29,69),0) | BT29: =IFERROR(INDEX(PP_Grid[#Data],$DD29,70),0) | BU29: =IFERROR(INDEX(PP_Grid[#Data],$DD29,71),0) | BV29: =IFERROR(INDEX(PP_Grid[#Data],$DD29,72),0) | BW29: =IFERROR(INDEX(PP_Grid[#Data],$DD29,73),0) | BX29: =IFERROR(INDEX(PP_Grid[#Data],$DD29,74),0) | BY29: =IFERROR(INDEX(PP_Grid[#Data],$DD29,75),0) | BZ29: =IFERROR(INDEX(PP_Grid[#Data],$DD29,76),0) | CA29: =IFERROR(INDEX(PP_Grid[#Data],$DD29,77),0) | CB29: =IFERROR(INDEX(PP_Grid[#Data],$DD29,78),0) | CC29: =IFERROR(INDEX(PP_Grid[#Data],$DD29,79),0) | CD29: =IFERROR(INDEX(PP_Grid[#Data],$DD29,80),0) | CE29: =IFERROR(INDEX(PP_Grid[#Data],$DD29,81),0) | CF29: =IFERROR(INDEX(PP_Grid[#Data],$DD29,82),0) | CG29: =IFERROR(INDEX(PP_Grid[#Data],$DD29,83),0) | CH29: =IFERROR(INDEX(PP_Grid[#Data],$DD29,84),0) | CI29: =IFERROR(INDEX(PP_Grid[#Data],$DD29,85),0) | CJ29: =IFERROR(INDEX(PP_Grid[#Data],$DD29,86),0) | CK29: =IFERROR(INDEX(PP_Grid[#Data],$DD29,87),0) | CL29: =IFERROR(INDEX(PP_Grid[#Data],$DD29,88),0) | CM29: =IFERROR(INDEX(PP_Grid[#Data],$DD29,89),0) | CN29: =IFERROR(INDEX(PP_Grid[#Data],$DD29,90),0) | CO29: =IFERROR(INDEX(PP_Grid[#Data],$DD29,91),0) | CP29: =IFERROR(INDEX(PP_Grid[#Data],$DD29,92),0) | CQ29: =IFERROR(INDEX(PP_Grid[#Data],$DD29,93),0) | CR29: =IFERROR(INDEX(PP_Grid[#Data],$DD29,94),0) | CS29: =IFERROR(INDEX(PP_Grid[#Data],$DD29,95),0) | CT29: =IFERROR(INDEX(PP_Grid[#Data],$DD29,96),0) | CU29: =IFERROR(INDEX(PP_Grid[#Data],$DD29,97),0) | CV29: =IFERROR(INDEX(PP_Grid[#Data],$DD29,98),0) | CW29: =IFERROR(INDEX(PP_Grid[#Data],$DD29,99),0) | CX29: =IFERROR(INDEX(PP_Grid[#Data],$DD29,100),0) | CY29: =IFERROR(INDEX(PP_Grid[#Data],$DD29,101),0) | CZ29: =IFERROR(INDEX(PP_Grid[#Data],$DD29,102),0) | DA29: =IFERROR(INDEX(PP_Grid[#Data],$DD29,103),0) | DB29: =IFERROR(INDEX(PP_Grid[#Data],$DD29,104),0) | DC29: =IFERROR(INDEX(PP_Grid[#Data],$DD29,105),0) | DD29: =IFERROR(MATCH($B29,PP_Grid[Intermediate],0),99999)
B30: 使用量(kg) | C30: =SUMIFS(M_BOM[RM_Qty_Per_Batch],M_BOM[Intermediate],$B29,M_BOM[Part Name],$A18) | D30: =$C30*D29 | E30: =$C30*E29 | F30: =$C30*F29 | G30: =$C30*G29 | H30: =$C30*H29 | I30: =$C30*I29 | J30: =$C30*J29 | K30: =$C30*K29 | ... DC30: =$C30*DC29
B31: 0T870 | C31: No. of batches | D31: =IFERROR(INDEX(PP_Grid[#Data],$DD31,2),0) | E31: =IFERROR(INDEX(PP_Grid[#Data],$DD31,3),0) | F31: =IFERROR(INDEX(PP_Grid[#Data],$DD31,4),0) | G31: =IFERROR(INDEX(PP_Grid[#Data],$DD31,5),0) | H31: =IFERROR(INDEX(PP_Grid[#Data],$DD31,6),0) | I31: =IFERROR(INDEX(PP_Grid[#Data],$DD31,7),0) | J31: =IFERROR(INDEX(PP_Grid[#Data],$DD31,8),0) | K31: =IFERROR(INDEX(PP_Grid[#Data],$DD31,9),0) | L31: =IFERROR(INDEX(PP_Grid[#Data],$DD31,10),0) | M31: =IFERROR(INDEX(PP_Grid[#Data],$DD31,11),0) | N31: =IFERROR(INDEX(PP_Grid[#Data],$DD31,12),0) | O31: =IFERROR(INDEX(PP_Grid[#Data],$DD31,13),0) | P31: =IFERROR(INDEX(PP_Grid[#Data],$DD31,14),0) | Q31: =IFERROR(INDEX(PP_Grid[#Data],$DD31,15),0) | R31: =IFERROR(INDEX(PP_Grid[#Data],$DD31,16),0) | S31: =IFERROR(INDEX(PP_Grid[#Data],$DD31,17),0) | T31: =IFERROR(INDEX(PP_Grid[#Data],$DD31,18),0) | U31: =IFERROR(INDEX(PP_Grid[#Data],$DD31,19),0) | V31: =IFERROR(INDEX(PP_Grid[#Data],$DD31,20),0) | W31: =IFERROR(INDEX(PP_Grid[#Data],$DD31,21),0) | X31: =IFERROR(INDEX(PP_Grid[#Data],$DD31,22),0) | Y31: =IFERROR(INDEX(PP_Grid[#Data],$DD31,23),0) | Z31: =IFERROR(INDEX(PP_Grid[#Data],$DD31,24),0) | AA31: =IFERROR(INDEX(PP_Grid[#Data],$DD31,25),0) | AB31: =IFERROR(INDEX(PP_Grid[#Data],$DD31,26),0) | AC31: =IFERROR(INDEX(PP_Grid[#Data],$DD31,27),0) | AD31: =IFERROR(INDEX(PP_Grid[#Data],$DD31,28),0) | AE31: =IFERROR(INDEX(PP_Grid[#Data],$DD31,29),0) | AF31: =IFERROR(INDEX(PP_Grid[#Data],$DD31,30),0) | AG31: =IFERROR(INDEX(PP_Grid[#Data],$DD31,31),0) | AH31: =IFERROR(INDEX(PP_Grid[#Data],$DD31,32),0) | AI31: =IFERROR(INDEX(PP_Grid[#Data],$DD31,33),0) | AJ31: =IFERROR(INDEX(PP_Grid[#Data],$DD31,34),0) | AK31: =IFERROR(INDEX(PP_Grid[#Data],$DD31,35),0) | AL31: =IFERROR(INDEX(PP_Grid[#Data],$DD31,36),0) | AM31: =IFERROR(INDEX(PP_Grid[#Data],$DD31,37),0) | AN31: =IFERROR(INDEX(PP_Grid[#Data],$DD31,38),0) | AO31: =IFERROR(INDEX(PP_Grid[#Data],$DD31,39),0) | AP31: =IFERROR(INDEX(PP_Grid[#Data],$DD31,40),0) | AQ31: =IFERROR(INDEX(PP_Grid[#Data],$DD31,41),0) | AR31: =IFERROR(INDEX(PP_Grid[#Data],$DD31,42),0) | AS31: =IFERROR(INDEX(PP_Grid[#Data],$DD31,43),0) | AT31: =IFERROR(INDEX(PP_Grid[#Data],$DD31,44),0) | AU31: =IFERROR(INDEX(PP_Grid[#Data],$DD31,45),0) | AV31: =IFERROR(INDEX(PP_Grid[#Data],$DD31,46),0) | AW31: =IFERROR(INDEX(PP_Grid[#Data],$DD31,47),0) | AX31: =IFERROR(INDEX(PP_Grid[#Data],$DD31,48),0) | AY31: =IFERROR(INDEX(PP_Grid[#Data],$DD31,49),0) | AZ31: =IFERROR(INDEX(PP_Grid[#Data],$DD31,50),0) | BA31: =IFERROR(INDEX(PP_Grid[#Data],$DD31,51),0) | BB31: =IFERROR(INDEX(PP_Grid[#Data],$DD31,52),0) | BC31: =IFERROR(INDEX(PP_Grid[#Data],$DD31,53),0) | BD31: =IFERROR(INDEX(PP_Grid[#Data],$DD31,54),0) | BE31: =IFERROR(INDEX(PP_Grid[#Data],$DD31,55),0) | BF31: =IFERROR(INDEX(PP_Grid[#Data],$DD31,56),0) | BG31: =IFERROR(INDEX(PP_Grid[#Data],$DD31,57),0) | BH31: =IFERROR(INDEX(PP_Grid[#Data],$DD31,58),0) | BI31: =IFERROR(INDEX(PP_Grid[#Data],$DD31,59),0) | BJ31: =IFERROR(INDEX(PP_Grid[#Data],$DD31,60),0) | BK31: =IFERROR(INDEX(PP_Grid[#Data],$DD31,61),0) | BL31: =IFERROR(INDEX(PP_Grid[#Data],$DD31,62),0) | BM31: =IFERROR(INDEX(PP_Grid[#Data],$DD31,63),0) | BN31: =IFERROR(INDEX(PP_Grid[#Data],$DD31,64),0) | BO31: =IFERROR(INDEX(PP_Grid[#Data],$DD31,65),0) | BP31: =IFERROR(INDEX(PP_Grid[#Data],$DD31,66),0) | BQ31: =IFERROR(INDEX(PP_Grid[#Data],$DD31,67),0) | BR31: =IFERROR(INDEX(PP_Grid[#Data],$DD31,68),0) | BS31: =IFERROR(INDEX(PP_Grid[#Data],$DD31,69),0) | BT31: =IFERROR(INDEX(PP_Grid[#Data],$DD31,70),0) | BU31: =IFERROR(INDEX(PP_Grid[#Data],$DD31,71),0) | BV31: =IFERROR(INDEX(PP_Grid[#Data],$DD31,72),0) | BW31: =IFERROR(INDEX(PP_Grid[#Data],$DD31,73),0) | BX31: =IFERROR(INDEX(PP_Grid[#Data],$DD31,74),0) | BY31: =IFERROR(INDEX(PP_Grid[#Data],$DD31,75),0) | BZ31: =IFERROR(INDEX(PP_Grid[#Data],$DD31,76),0) | CA31: =IFERROR(INDEX(PP_Grid[#Data],$DD31,77),0) | CB31: =IFERROR(INDEX(PP_Grid[#Data],$DD31,78),0) | CC31: =IFERROR(INDEX(PP_Grid[#Data],$DD31,79),0) | CD31: =IFERROR(INDEX(PP_Grid[#Data],$DD31,80),0) | CE31: =IFERROR(INDEX(PP_Grid[#Data],$DD31,81),0) | CF31: =IFERROR(INDEX(PP_Grid[#Data],$DD31,82),0) | CG31: =IFERROR(INDEX(PP_Grid[#Data],$DD31,83),0) | CH31: =IFERROR(INDEX(PP_Grid[#Data],$DD31,84),0) | CI31: =IFERROR(INDEX(PP_Grid[#Data],$DD31,85),0) | CJ31: =IFERROR(INDEX(PP_Grid[#Data],$DD31,86),0) | CK31: =IFERROR(INDEX(PP_Grid[#Data],$DD31,87),0) | CL31: =IFERROR(INDEX(PP_Grid[#Data],$DD31,88),0) | CM31: =IFERROR(INDEX(PP_Grid[#Data],$DD31,89),0) | CN31: =IFERROR(INDEX(PP_Grid[#Data],$DD31,90),0) | CO31: =IFERROR(INDEX(PP_Grid[#Data],$DD31,91),0) | CP31: =IFERROR(INDEX(PP_Grid[#Data],$DD31,92),0) | CQ31: =IFERROR(INDEX(PP_Grid[#Data],$DD31,93),0) | CR31: =IFERROR(INDEX(PP_Grid[#Data],$DD31,94),0) | CS31: =IFERROR(INDEX(PP_Grid[#Data],$DD31,95),0) | CT31: =IFERROR(INDEX(PP_Grid[#Data],$DD31,96),0) | CU31: =IFERROR(INDEX(PP_Grid[#Data],$DD31,97),0) | CV31: =IFERROR(INDEX(PP_Grid[#Data],$DD31,98),0) | CW31: =IFERROR(INDEX(PP_Grid[#Data],$DD31,99),0) | CX31: =IFERROR(INDEX(PP_Grid[#Data],$DD31,100),0) | CY31: =IFERROR(INDEX(PP_Grid[#Data],$DD31,101),0) | CZ31: =IFERROR(INDEX(PP_Grid[#Data],$DD31,102),0) | DA31: =IFERROR(INDEX(PP_Grid[#Data],$DD31,103),0) | DB31: =IFERROR(INDEX(PP_Grid[#Data],$DD31,104),0) | DC31: =IFERROR(INDEX(PP_Grid[#Data],$DD31,105),0) | DD31: =IFERROR(MATCH($B31,PP_Grid[Intermediate],0),99999)
B32: 使用量(kg) | C32: =SUMIFS(M_BOM[RM_Qty_Per_Batch],M_BOM[Intermediate],$B31,M_BOM[Part Name],$A18) | D32: =$C32*D31 | E32: =$C32*E31 | F32: =$C32*F31 | G32: =$C32*G31 | H32: =$C32*H31 | I32: =$C32*I31 | J32: =$C32*J31 | K32: =$C32*K31 | ... DC32: =$C32*DC31
